"9001","Δήμος Δοξάτου","1001","Δήμος Δοξατου"
"9001","Δήμος Δοξάτου","1003","Δήμος Καλαμπακιου"
"9002","Δήμος Δράμας","1002","Δήμος Δραμας"
"9002","Δήμος Δράμας","1008","Κοινότητα Σιδηρονερου"
"9003","Δήμος Κάτω Νευροκοπίου","1004","Δήμος Κατω Νευροκοπιου"
"9004","Δήμος Παρανεστίου","1005","Δήμος Νικηφορου"
"9004","Δήμος Παρανεστίου","1006","Δήμος Παρανεστιου"
"9005","Δήμος Προσοτσάνης","1007","Δήμος Προσοτσανης"
"9005","Δήμος Προσοτσάνης","1009","Δήμος Σιταγρων"
"9006","Δήμος Αλεξανδρούπολης","1301","Δήμος Αλεξανδρουπολης"
"9006","Δήμος Αλεξανδρούπολης","1310","Δήμος Τραϊανουπολης"
"9006","Δήμος Αλεξανδρούπολης","1313","Δήμος Φερων"
"9007","Δήμος Διδυμοτείχου","1303","Δήμος Διδυμοτειχου"
"9007","Δήμος Διδυμοτείχου","1305","Δήμος Μεταξαδων"
"9008","Δήμος Ορεστιάδας","1302","Δήμος Βυσσας"
"9008","Δήμος Ορεστιάδας","1304","Δήμος Κυπρινου"
"9008","Δήμος Ορεστιάδας","1306","Δήμος Ορεστιαδος"
"9008","Δήμος Ορεστιάδας","1311","Δήμος Τριγωνου"
"9009","Δήμος Σαμοθράκης","1308","Δήμος Σαμοθρακης"
"9010","Δήμος Σουφλίου","1307","Δήμος Ορφεα"
"9010","Δήμος Σουφλίου","1309","Δήμος Σουφλιου"
"9010","Δήμος Σουφλίου","1312","Δήμος Τυχερου"
"9011","Δήμος Θάσου","2303","Δήμος Θασου"
"9012","Δήμος Καβάλας","2304","Δήμος Καβαλας"
"9012","Δήμος Καβάλας","2310","Δήμος Φιλιππων"
"9013","Δήμος Νέστου","2305","Δήμος Κεραμωτης"
"9013","Δήμος Νέστου","2306","Δήμος Ορεινου"
"9013","Δήμος Νέστου","2311","Δήμος Χρυσουπολης"
"9014","Δήμος Παγγαίου","2301","Δήμος Ελευθερουπολης"
"9014","Δήμος Παγγαίου","2302","Δήμος Ελευθερων"
"9014","Δήμος Παγγαίου","2307","Δήμος Ορφανου"
"9014","Δήμος Παγγαίου","2308","Δήμος Παγγαιου"
"9014","Δήμος Παγγαίου","2309","Δήμος Πιερεων"
"9015","Δήμος Αβδήρων","3901","Δήμος Αβδηρων"
"9015","Δήμος Αβδήρων","3902","Δήμος Βιστωνιδος"
"9015","Δήμος Αβδήρων","3908","Κοινότητα Σελερου"
"9016","Δήμος Μύκης","3903","Κοινότητα Θερμων"
"9016","Δήμος Μύκης","3904","Κοινότητα Κοτυλης"
"9016","Δήμος Μύκης","3905","Δήμος Μυκης"
"9016","Δήμος Μύκης","3907","Κοινότητα Σατρων"
"9017","Δήμος Ξάνθης","3906","Δήμος Ξανθης"
"9017","Δήμος Ξάνθης","3909","Δήμος Σταυρουπολης"
"9018","Δήμος Τοπείρου","3910","Δήμος Τοπειρου"
"9019","Δήμος Αρριανών","4503","Δήμος Αρριανων"
"9019","Δήμος Αρριανών","4505","Κοινότητα Κεχρου"
"9019","Δήμος Αρριανών","4509","Κοινότητα Οργανης"
"9019","Δήμος Αρριανών","4512","Δήμος Φιλλυρας"
"9020","Δήμος Ιάσμου","4502","Κοινότητα Αμαξαδων"
"9020","Δήμος Ιάσμου","4504","Δήμος Ιασμου"
"9020","Δήμος Ιάσμου","4511","Δήμος Σωστου"
"9021","Δήμος Κομοτηνής","4501","Δήμος Αιγειρου"
"9021","Δήμος Κομοτηνής","4506","Δήμος Κομοτηνης"
"9021","Δήμος Κομοτηνής","4508","Δήμος Νεου Σιδηροχωριου"
"9022","Δήμος Μαρώνειας - Σαπών","4507","Δήμος Μαρωνειας"
"9022","Δήμος Μαρώνειας - Σαπών","4510","Δήμος Σαπων"
"9023","Δήμος Αλεξάνδρειας","1801","Δήμος Αλεξανδρειας"
"9023","Δήμος Αλεξάνδρειας","1803","Δήμος Αντιγονιδων"
"9023","Δήμος Αλεξάνδρειας","1810","Δήμος Μελικης"
"9023","Δήμος Αλεξάνδρειας","1812","Δήμος Πλατεος"
"9024","Δήμος Βέροιας","1804","Δήμος Αποστολου Παυλου"
"9024","Δήμος Βέροιας","1805","Δήμος Βεργινας"
"9024","Δήμος Βέροιας","1806","Δήμος Βεροιας"
"9024","Δήμος Βέροιας","1807","Δήμος Δοβρα"
"9024","Δήμος Βέροιας","1809","Δήμος Μακεδονιδος"
"9025","Δήμος Νάουσας","1802","Δήμος Ανθεμιων"
"9025","Δήμος Νάουσας","1808","Δήμος Ειρηνουπολης"
"9025","Δήμος Νάουσας","1811","Δήμος Ναουσας"
"9026","Δήμος Αμπελοκήπων - Μενεμένης","2104","Δήμος Αμπελοκηπων"
"9026","Δήμος Αμπελοκήπων - Μενεμένης","2128","Δήμος Μενεμενης"
"9027","Δήμος Βόλβης","2102","Δήμος Αγιου Γεωργιου"
"9027","Δήμος Βόλβης","2106","Δήμος Απολλωνιας"
"9027","Δήμος Βόλβης","2107","Δήμος Αρεθουσας"
"9027","Δήμος Βόλβης","2111","Δήμος Εγνατιας"
"9027","Δήμος Βόλβης","2127","Δήμος Μαδυτου"
"9027","Δήμος Βόλβης","2137","Δήμος Ρεντινας"
"9028","Δήμος Δέλτα","2105","Δήμος Αξιου"
"9028","Δήμος Δέλτα","2116","Δήμος Εχεδωρου"
"9028","Δήμος Δέλτα","2142","Δήμος Χαλαστρας"
"9029","Δήμος Θερμαϊκού","2113","Δήμος Επανομης"
"9029","Δήμος Θερμαϊκού","2117","Δήμος Θερμαϊκου"
"9029","Δήμος Θερμαϊκού","2129","Δήμος Μηχανιωνας"
"9030","Δήμος Θέρμης","2109","Δήμος Βασιλικων"
"9030","Δήμος Θέρμης","2118","Δήμος Θερμης"
"9030","Δήμος Θέρμης","2130","Δήμος Μικρας"
"9031","Δήμος Θεσσαλονίκης","2119","Δήμος Θεσσαλονικης"
"9031","Δήμος Θεσσαλονίκης","2141","Δήμος Τριανδριας"
"9032","Δήμος Καλαμαριάς","2120","Δήμος Καλαμαριας"
"9033","Δήμος Κορδελιού -Ευόσμου","2112","Δήμος Ελευθεριου-Κορδελιου"
"9033","Δήμος Κορδελιού -Ευόσμου","2115","Δήμος Ευοσμου"
"9034","Δήμος Λαγκαδά","2108","Δήμος Ασσηρου"
"9034","Δήμος Λαγκαδά","2110","Δήμος Βερτισκου"
"9034","Δήμος Λαγκαδά","2122","Δήμος Καλλινδοιων"
"9034","Δήμος Λαγκαδά","2123","Δήμος Κορωνειας"
"9034","Δήμος Λαγκαδά","2125","Δήμος Λαγκαδα"
"9034","Δήμος Λαγκαδά","2126","Δήμος Λαχανα"
"9034","Δήμος Λαγκαδά","2138","Δήμος Σοχου"
"9035","Δήμος Νεάπολης - Συκεών","2103","Δήμος Αγιου Παυλου"
"9035","Δήμος Νεάπολης - Συκεών","2132","Δήμος Νεαπολεως"
"9035","Δήμος Νεάπολης - Συκεών","2134","Κοινότητα Πευκων"
"9035","Δήμος Νεάπολης - Συκεών","2140","Δήμος Συκεων"
"9036","Δήμος Παύλου Μελά","2114","Κοινότητα Ευκαρπιας"
"9036","Δήμος Παύλου Μελά","2135","Δήμος Πολιχνης"
"9036","Δήμος Παύλου Μελά","2139","Δήμος Σταυρουπολεως"
"9037","Δήμος Πυλαίας - Χορτιάτη","2133","Δήμος Πανοραματος"
"9037","Δήμος Πυλαίας - Χορτιάτη","2136","Δήμος Πυλαιας"
"9037","Δήμος Πυλαίας - Χορτιάτη","2144","Δήμος Χορτιατη"
"9038","Δήμος Χαλκηδόνος","2101","Δήμος Αγιου Αθανασιου"
"9038","Δήμος Χαλκηδόνος","2124","Δήμος Κουφαλιων"
"9038","Δήμος Χαλκηδόνος","2143","Δήμος Χαλκηδονος"
"9039","Δήμος Ωραιοκάστρου","2121","Δήμος Καλλιθεας"
"9039","Δήμος Ωραιοκάστρου","2131","Δήμος Μυγδονιας"
"9039","Δήμος Ωραιοκάστρου","2145","Δήμος Ωραιοκαστρου"
"9040","Δήμος Κιλκίς","2802","Δήμος Γαλλικου"
"9040","Δήμος Κιλκίς","2804","Δήμος Δοϊρανης"
"9040","Δήμος Κιλκίς","2806","Δήμος Κιλκις"
"9040","Δήμος Κιλκίς","2807","Δήμος Κρουσσων"
"9040","Δήμος Κιλκίς","2809","Δήμος Μουριων"
"9040","Δήμος Κιλκίς","2810","Δήμος Πικρολιμνης"
"9040","Δήμος Κιλκίς","2812","Δήμος Χερσου"
"9041","Δήμος Παιονίας","2801","Δήμος Αξιουπολης"
"9041","Δήμος Παιονίας","2803","Δήμος Γουμενισσας"
"9041","Δήμος Παιονίας","2805","Δήμος Ευρωπου"
"9041","Δήμος Παιονίας","2808","Κοινότητα Λιβαδιων"
"9041","Δήμος Παιονίας","2811","Δήμος Πολυκαστρου"
"9042","Δήμος Αλμωπίας","4101","Δήμος Αριδαιας"
"9042","Δήμος Αλμωπίας","4105","Δήμος Εξαπλατανου"
"9043","Δήμος Έδεσσας","4102","Δήμος Βεγοριτιδας"
"9043","Δήμος Έδεσσας","4104","Δήμος Εδεσσας"
"9044","Δήμος Πέλλας","4103","Δήμος Γιαννιτσων"
"9044","Δήμος Πέλλας","4106","Δήμος Κρυας Βρυσης"
"9044","Δήμος Πέλλας","4107","Δήμος Κυρρου"
"9044","Δήμος Πέλλας","4108","Δήμος Μεγαλου Αλεξανδρου"
"9044","Δήμος Πέλλας","4110","Δήμος Πελλας"
"9045","Δήμος Σκύδρας","4109","Δήμος Μενηιδος"
"9045","Δήμος Σκύδρας","4111","Δήμος Σκυδρας"
"9046","Δήμος Δίου - Ολύμπου","4202","Δήμος Ανατολικου Ολυμπου"
"9046","Δήμος Δίου - Ολύμπου","4203","Δήμος Διου"
"9046","Δήμος Δίου - Ολύμπου","4208","Δήμος Λιτοχωρου"
"9047","Δήμος Κατερίνης","4204","Δήμος Ελαφινας"
"9047","Δήμος Κατερίνης","4205","Δήμος Κατερινης"
"9047","Δήμος Κατερίνης","4207","Δήμος Κορινου"
"9047","Δήμος Κατερίνης","4210","Δήμος Παραλιας"
"9047","Δήμος Κατερίνης","4211","Δήμος Πετρας"
"9047","Δήμος Κατερίνης","4212","Δήμος Πιεριων"
"9048","Δήμος Πύδνας - Κολινδρού","4201","Δήμος Αιγινιου"
"9048","Δήμος Πύδνας - Κολινδρού","4206","Δήμος Κολινδρου"
"9048","Δήμος Πύδνας - Κολινδρού","4209","Δήμος Μεθωνης"
"9048","Δήμος Πύδνας - Κολινδρού","4213","Δήμος Πυδνας"
"9049","Δήμος Αμφίπολης","4703","Δήμος Αμφιπολης"
"9049","Δήμος Αμφίπολης","4712","Δήμος Κορμιστας"
"9049","Δήμος Αμφίπολης","4719","Δήμος Πρωτης"
"9049","Δήμος Αμφίπολης","4720","Δήμος Ροδολιβους"
"9050","Δήμος Βισαλτίας","4705","Δήμος Αχινου"
"9050","Δήμος Βισαλτίας","4707","Δήμος Βισαλτιας"
"9050","Δήμος Βισαλτίας","4715","Δήμος Νιγριτης"
"9050","Δήμος Βισαλτίας","4727","Δήμος Τραγιλου"
"9051","Δήμος Εμμανουήλ Παππά","4708","Δήμος Εμμανουηλ Παππα"
"9051","Δήμος Εμμανουήλ Παππά","4725","Δήμος Στρυμωνα"
"9052","Δήμος Ηρακλείας","4709","Δήμος Ηρακλειας"
"9052","Δήμος Ηρακλείας","4723","Δήμος Σκοτουσσης"
"9052","Δήμος Ηρακλείας","4726","Δήμος Στρυμονικου"
"9053","Δήμος Νέας Ζίχνης","4702","Δήμος Αλιστρατης"
"9053","Δήμος Νέας Ζίχνης","4714","Δήμος Νεας Ζιχνης"
"9054","Δήμος Σερρών","4704","Κοινότητα Ανω Βροντους"
"9054","Δήμος Σερρών","4710","Δήμος Κατω Μητρουσιου"
"9054","Δήμος Σερρών","4713","Δήμος Λευκωνα"
"9054","Δήμος Σερρών","4716","Κοινότητα Ορεινης"
"9054","Δήμος Σερρών","4721","Δήμος Σερρων"
"9054","Δήμος Σερρών","4724","Δήμος Σκουταρεως"
"9055","Δήμος Σιντικής","4701","Κοινότητα Αγκιστρου"
"9055","Δήμος Σιντικής","4706","Κοινότητα Αχλαδοχωριου"
"9055","Δήμος Σιντικής","4711","Δήμος Κερκινης"
"9055","Δήμος Σιντικής","4717","Δήμος Πετριτσιου"
"9055","Δήμος Σιντικής","4718","Κοινότητα Προμαχωνος"
"9055","Δήμος Σιντικής","4722","Δήμος Σιδηροκαστρου"
"9056","Δήμος Αριστοτέλη","5202","Δήμος Αρναιας"
"9056","Δήμος Αριστοτέλη","5209","Δήμος Παναγιας"
"9056","Δήμος Αριστοτέλη","5212","Δήμος Σταγιρων-Ακανθου"
"9057","Δήμος Κασσάνδρας","5205","Δήμος Κασσανδρας"
"9057","Δήμος Κασσάνδρας","5208","Δήμος Παλληνης"
"9058","Δήμος Νέας Προποντίδας","5204","Δήμος Καλλικρατειας"
"9058","Δήμος Νέας Προποντίδας","5206","Δήμος Μουδανιων"
"9058","Δήμος Νέας Προποντίδας","5214","Δήμος Τριγλιας"
"9059","Δήμος Πολυγύρου","5201","Δήμος Ανθεμουντα"
"9059","Δήμος Πολυγύρου","5203","Δήμος Ζερβοχωριων"
"9059","Δήμος Πολυγύρου","5207","Δήμος Ορμυλιας"
"9059","Δήμος Πολυγύρου","5210","Δήμος Πολυγυρου"
"9060","Δήμος Σιθωνίας","5211","Δήμος Σιθωνιας"
"9060","Δήμος Σιθωνίας","5213","Δήμος Τορωνης"
"9061","Δήμος Γρεβενών","901","Κοινότητα Αβδελλας"
"9061","Δήμος Γρεβενών","902","Δήμος Βεντζιου"
"9061","Δήμος Γρεβενών","903","Δήμος Γοργιανης"
"9061","Δήμος Γρεβενών","904","Δήμος Γρεβενων"
"9061","Δήμος Γρεβενών","906","Κοινότητα Δοτσικου"
"9061","Δήμος Γρεβενών","907","Δήμος Ηρακλεωτων"
"9061","Δήμος Γρεβενών","908","Δήμος Θεοδωρου Ζιακα"
"9061","Δήμος Γρεβενών","909","Δήμος Κοσμα Του Αιτωλου"
"9061","Δήμος Γρεβενών","910","Κοινότητα Μεσολουριου"
"9061","Δήμος Γρεβενών","911","Κοινότητα Περιβολιου"
"9061","Δήμος Γρεβενών","912","Κοινότητα Σαμαρινης"
"9061","Δήμος Γρεβενών","913","Κοινότητα Σμιξης"
"9061","Δήμος Γρεβενών","914","Κοινότητα Φιλιππαιων"
"9062","Δήμος Δεσκάτης","905","Δήμος Δεσκατης"
"9062","Δήμος Δεσκάτης","915","Δήμος Χασιων"
"9063","Δήμος Καστοριάς","2501","Δήμος Αγιας Τριαδος"
"9063","Δήμος Καστοριάς","2502","Δήμος Αγιων Αναργυρων"
"9063","Δήμος Καστοριάς","2504","Δήμος Αλιακμονα"
"9063","Δήμος Καστοριάς","2506","Δήμος Βιτσιου"
"9063","Δήμος Καστοριάς","2509","Δήμος Καστοριας"
"9063","Δήμος Καστοριάς","2510","Κοινότητα Καστρακιου"
"9063","Δήμος Καστοριάς","2511","Δήμος Κλεισουρας"
"9063","Δήμος Καστοριάς","2512","Δήμος Κορεστιων"
"9063","Δήμος Καστοριάς","2513","Δήμος Μακεδνων"
"9064","Δήμος Νεστορίου","2503","Δήμος Ακριτων"
"9064","Δήμος Νεστορίου","2505","Κοινότητα Αρρενων"
"9064","Δήμος Νεστορίου","2507","Κοινότητα Γραμου"
"9064","Δήμος Νεστορίου","2514","Δήμος Νεστοριου"
"9065","Δήμος Ορέστιδος","2508","Δήμος Ιωνος Δραγουμη"
"9065","Δήμος Ορέστιδος","2515","Δήμος Αργους Ορεστικου"
"9066","Δήμος Βοΐου","2903","Δήμος Ασκιου"
"9066","Δήμος Βοΐου","2914","Δήμος Νεαπολης"
"9066","Δήμος Βοΐου","2915","Κοινότητα Πενταλοφου"
"9066","Δήμος Βοΐου","2918","Δήμος Σιατιστας"
"9066","Δήμος Βοΐου","2919","Δήμος Τσοτυλιου"
"9067","Δήμος Εορδαίας","2901","Δήμος Αγιας Παρασκευης"
"9067","Δήμος Εορδαίας","2905","Δήμος Βερμιου"
"9067","Δήμος Εορδαίας","2906","Κοινότητα Βλαστης"
"9067","Δήμος Εορδαίας","2913","Δήμος Μουρικιου"
"9067","Δήμος Εορδαίας","2916","Δήμος Πτολεμαϊδας"
"9068","Δήμος Κοζάνης","2902","Δήμος Αιανης"
"9068","Δήμος Κοζάνης","2907","Δήμος Δημητριου Υψηλαντη"
"9068","Δήμος Κοζάνης","2908","Δήμος Ελιμειας"
"9068","Δήμος Κοζάνης","2909","Δήμος Ελλησποντου"
"9068","Δήμος Κοζάνης","2911","Δήμος Κοζανης"
"9069","Δήμος Σερβίων - Βελβεντού","2904","Δήμος Βελβεντου"
"9069","Δήμος Σερβίων - Βελβεντού","2910","Δήμος Καμβουνιων"
"9069","Δήμος Σερβίων - Βελβεντού","2912","Κοινότητα Λιβαδερου"
"9069","Δήμος Σερβίων - Βελβεντού","2917","Δήμος Σερβιων"
"9070","Δήμος Αμυνταίου","5001","Δήμος Αετου"
"9070","Δήμος Αμυνταίου","5002","Δήμος Αμυνταιου"
"9070","Δήμος Αμυνταίου","5003","Κοινότητα Βαρικου"
"9070","Δήμος Αμυνταίου","5006","Κοινότητα Λεχοβου"
"9070","Δήμος Αμυνταίου","5008","Κοινότητα Νυμφαιου"
"9070","Δήμος Αμυνταίου","5011","Δήμος Φιλωτα"
"9071","Δήμος Πρεσπών","5005","Κοινότητα Κρυσταλλοπηγης"
"9071","Δήμος Πρεσπών","5010","Δήμος Πρεσπων"
"9072","Δήμος Φλώρινας","5004","Δήμος Κατω Κλεινων"
"9072","Δήμος Φλώρινας","5007","Δήμος Μελιτης"
"9072","Δήμος Φλώρινας","5009","Δήμος Περασματος"
"9072","Δήμος Φλώρινας","5012","Δήμος Φλωρινας"
"9073","Δήμος Αρταίων","603","Δήμος Αμβρακικου"
"9073","Δήμος Αρταίων","605","Δήμος Αρταιων"
"9073","Δήμος Αρταίων","606","Δήμος Βλαχερνων"
"9073","Δήμος Αρταίων","613","Δήμος Ξηροβουνιου"
"9073","Δήμος Αρταίων","616","Δήμος Φιλοθεης"
"9074","Δήμος Γεωργίου Καραϊσκάκη","607","Δήμος Γεωργιου Καραϊσκακη"
"9074","Δήμος Γεωργίου Καραϊσκάκη","608","Δήμος Ηρακλειας"
"9074","Δήμος Γεωργίου Καραϊσκάκη","615","Δήμος Τετραφυλιας"
"9075","Δήμος Κεντρικών Τζουμέρκων ","601","Δήμος Αγναντων"
"9075","Δήμος Κεντρικών Τζουμέρκων ","602","Δήμος Αθαμανιας"
"9075","Δήμος Κεντρικών Τζουμέρκων ","609","Κοινότητα Θεοδωριανων"
"9075","Δήμος Κεντρικών Τζουμέρκων ","612","Κοινότητα Μελισσουργων"
"9076","Δήμος Νικολάου Σκουφά","604","Δήμος Αραχθου"
"9076","Δήμος Νικολάου Σκουφά","610","Κοινότητα Κομμενου"
"9076","Δήμος Νικολάου Σκουφά","611","Δήμος Κομποτιου"
"9076","Δήμος Νικολάου Σκουφά","614","Δήμος Πετα"
"9077","Δήμος Ηγουμενίτσας","2002","Δήμος Ηγουμενιτσης"
"9077","Δήμος Ηγουμενίτσας","2003","Δήμος Μαργαριτιου"
"9077","Δήμος Ηγουμενίτσας","2005","Δήμος Παραποταμου"
"9077","Δήμος Ηγουμενίτσας","2006","Κοινότητα Περδικας"
"9077","Δήμος Ηγουμενίτσας","2009","Δήμος Συβοτων"
"9078","Δήμος Σουλίου","2001","Δήμος Αχεροντα"
"9078","Δήμος Σουλίου","2004","Δήμος Παραμυθιας"
"9078","Δήμος Σουλίου","2008","Κοινότητα Σουλιου"
"9079","Δήμος Φιλιατών","2007","Δήμος Σαγιαδας"
"9079","Δήμος Φιλιατών","2010","Δήμος Φιλιατων"
"9080","Δήμος Βορείων Τζουμέρκων","2207","Κοινότητα Βαθυπεδου"
"9080","Δήμος Βορείων Τζουμέρκων","2218","Κοινότητα Καλαρρυτων"
"9080","Δήμος Βορείων Τζουμέρκων","2220","Δήμος Κατσανοχωριων"
"9080","Δήμος Βορείων Τζουμέρκων","2225","Κοινότητα Ματσουκιου"
"9080","Δήμος Βορείων Τζουμέρκων","2235","Δήμος Πραμαντων"
"9080","Δήμος Βορείων Τζουμέρκων","2238","Κοινότητα Συρρακου"
"9080","Δήμος Βορείων Τζουμέρκων","2239","Δήμος Τζουμερκων"
"9081","Δήμος Δωδώνης","2201","Δήμος Αγιου Δημητριου"
"9081","Δήμος Δωδώνης","2210","Δήμος Δερβιζιανων"
"9081","Δήμος Δωδώνης","2212","Δήμος Δωδωνης"
"9081","Δήμος Δωδώνης","2237","Δήμος Σελλων"
"9082","Δήμος Ζαγορίου","2204","Δήμος Ανατολικου Ζαγοριου"
"9082","Δήμος Ζαγορίου","2208","Κοινότητα Βοβουσης"
"9082","Δήμος Ζαγορίου","2221","Δήμος Κεντρικου Ζαγοριου"
"9082","Δήμος Ζαγορίου","2232","Κοινότητα Παπιγκου"
"9082","Δήμος Ζαγορίου","2240","Δήμος Τυμφης"
"9083","Δήμος Ζίτσας","2214","Δήμος Εκαλης"
"9083","Δήμος Ζίτσας","2215","Δήμος Ευρυμενων"
"9083","Δήμος Ζίτσας","2216","Δήμος Ζιτσας"
"9083","Δήμος Ζίτσας","2228","Δήμος Μολοσσων"
"9083","Δήμος Ζίτσας","2233","Δήμος Πασαρωνος"
"9084","Δήμος Ιωαννιτών","2203","Δήμος Ανατολης"
"9084","Δήμος Ιωαννιτών","2217","Δήμος Ιωαννιτων"
"9084","Δήμος Ιωαννιτών","2229","Δήμος Μπιζανιου"
"9084","Δήμος Ιωαννιτών","2230","Κοινότητα Νησου Ιωαννινων"
"9084","Δήμος Ιωαννιτών","2231","Δήμος Παμβωτιδος"
"9084","Δήμος Ιωαννιτών","2234","Δήμος Περαματος"
"9085","Δήμος Κόνιτσας","2202","Κοινότητα Αετομηλιτσης"
"9085","Δήμος Κόνιτσας","2211","Κοινότητα Διστρατου"
"9085","Δήμος Κόνιτσας","2222","Δήμος Κονιτσας"
"9085","Δήμος Κόνιτσας","2224","Δήμος Μαστοροχωριων"
"9085","Δήμος Κόνιτσας","2241","Κοινότητα Φουρκας"
"9086","Δήμος Μετσόβου","2213","Δήμος Εγνατιας"
"9086","Δήμος Μετσόβου","2226","Δήμος Μετσοβου"
"9086","Δήμος Μετσόβου","2227","Κοινότητα Μηλεας"
"9087","Δήμος Πωγωνίου","2205","Δήμος Ανω Καλαμα"
"9087","Δήμος Πωγωνίου","2206","Δήμος Ανω Πωγωνιου"
"9087","Δήμος Πωγωνίου","2209","Δήμος Δελβινακιου"
"9087","Δήμος Πωγωνίου","2219","Δήμος Καλπακιου"
"9087","Δήμος Πωγωνίου","2223","Κοινότητα Λαβδανης"
"9087","Δήμος Πωγωνίου","2236","Κοινότητα Πωγωνιανης"
"9088","Δήμος Ζηρού","4301","Δήμος Ανωγειου"
"9088","Δήμος Ζηρού","4303","Δήμος Θεσπρωτικου"
"9088","Δήμος Ζηρού","4304","Κοινότητα Κρανεας"
"9088","Δήμος Ζηρού","4309","Δήμος Φιλιππιαδος"
"9089","Δήμος Πάργας","4306","Δήμος Παργας"
"9089","Δήμος Πάργας","4308","Δήμος Φαναριου"
"9090","Δήμος Πρέβεζας","4302","Δήμος Ζαλογγου"
"9090","Δήμος Πρέβεζας","4305","Δήμος Λουρου"
"9090","Δήμος Πρέβεζας","4307","Δήμος Πρεβεζης"
"9091","Δήμος Αργιθέας","2401","Κοινότητα Αθαμανων"
"9091","Δήμος Αργιθέας","2402","Δήμος Αργιθεας"
"9091","Δήμος Αργιθέας","2404","Δήμος Αχελωου"
"9092","Δήμος Καρδίτσας","2406","Δήμος Ιταμου"
"9092","Δήμος Καρδίτσας","2407","Δήμος Καλλιφωνιου"
"9092","Δήμος Καρδίτσας","2408","Δήμος Καμπου"
"9092","Δήμος Καρδίτσας","2409","Δήμος Καρδιτσας"
"9092","Δήμος Καρδίτσας","2411","Δήμος Μητροπολης"
"9093","Δήμος Λίμνης Πλαστήρα","2413","Δήμος Νεβροπολης Αγραφων"
"9093","Δήμος Λίμνης Πλαστήρα","2416","Δήμος Πλαστηρα"
"9094","Δήμος Μουζακίου","2405","Δήμος Ιθωμης"
"9094","Δήμος Μουζακίου","2412","Δήμος Μουζακιου"
"9094","Δήμος Μουζακίου","2415","Δήμος Παμισου"
"9095","Δήμος Παλαμά","2414","Δήμος Παλαμα"
"9095","Δήμος Παλαμά","2418","Δήμος Σελλανων"
"9095","Δήμος Παλαμά","2421","Δήμος Φυλλου"
"9096","Δήμος Σοφάδων","2403","Δήμος Αρνης"
"9096","Δήμος Σοφάδων","2410","Δήμος Μενελαϊδας"
"9096","Δήμος Σοφάδων","2417","Δήμος Ρεντινης"
"9096","Δήμος Σοφάδων","2419","Δήμος Σοφαδων"
"9096","Δήμος Σοφάδων","2420","Δήμος Ταμασιου"
"9097","Δήμος Αγιάς","3301","Δήμος Αγιας"
"9097","Δήμος Αγιάς","3311","Δήμος Ευρυμενων"
"9097","Δήμος Αγιάς","3317","Δήμος Λακερειας"
"9097","Δήμος Αγιάς","3321","Δήμος Μελιβοιας"
"9098","Δήμος Ελασσόνας","3304","Δήμος Αντιχασιων"
"9098","Δήμος Ελασσόνας","3306","Κοινότητα Βερδικουσης"
"9098","Δήμος Ελασσόνας","3309","Δήμος Ελασσονας"
"9098","Δήμος Ελασσόνας","3312","Κοινότητα Καρυας"
"9098","Δήμος Ελασσόνας","3319","Δήμος Λιβαδιου"
"9098","Δήμος Ελασσόνας","3325","Δήμος Ολυμπου"
"9098","Δήμος Ελασσόνας","3328","Δήμος Ποταμιας"
"9098","Δήμος Ελασσόνας","3329","Δήμος Σαρανταπορου"
"9098","Δήμος Ελασσόνας","3332","Κοινότητα Τσαριτσανης"
"9099","Δήμος Κιλελέρ","3305","Δήμος Αρμενιου"
"9099","Δήμος Κιλελέρ","3314","Δήμος Κιλελερ"
"9099","Δήμος Κιλελέρ","3316","Δήμος Κραννωνος"
"9099","Δήμος Κιλελέρ","3324","Δήμος Νικαιας"
"9099","Δήμος Κιλελέρ","3326","Δήμος Πλατυκαμπου"
"9100","Δήμος Λαρισαίων","3307","Δήμος Γιαννουλης"
"9100","Δήμος Λαρισαίων","3315","Δήμος Κοιλαδας"
"9100","Δήμος Λαρισαίων","3318","Δήμος Λαρισαιων"
"9101","Δήμος Τεμπών ","3302","Κοινότητα Αμπελακιων"
"9101","Δήμος Τεμπών ","3308","Δήμος Γοννων"
"9101","Δήμος Τεμπών ","3313","Δήμος Κατω Ολυμπου"
"9101","Δήμος Τεμπών ","3320","Δήμος Μακρυχωριου"
"9101","Δήμος Τεμπών ","3323","Δήμος Νεσσωνος"
"9102","Δήμος Τυρνάβου","3303","Δήμος Αμπελωνος"
"9102","Δήμος Τυρνάβου","3330","Δήμος Τυρναβου"
"9103","Δήμος Φαρσάλων","3310","Δήμος Ενιππεα"
"9103","Δήμος Φαρσάλων","3322","Δήμος Ναρθακιου"
"9103","Δήμος Φαρσάλων","3327","Δήμος Πολυδαμαντα"
"9103","Δήμος Φαρσάλων","3331","Δήμος Φαρσαλων"
"9104","Δήμος Αλμυρού","3703","Δήμος Αλμυρου"
"9104","Δήμος Αλμυρού","3705","Κοινότητα Αναβρας"
"9104","Δήμος Αλμυρού","3720","Δήμος Πτελεου"
"9104","Δήμος Αλμυρού","3724","Δήμος Σουρπης"
"9105","Δήμος Βόλου","3701","Δήμος Αγριας"
"9105","Δήμος Βόλου","3702","Δήμος Αισωνιας"
"9105","Δήμος Βόλου","3707","Δήμος Αρτεμιδας"
"9105","Δήμος Βόλου","3709","Δήμος Βολου"
"9105","Δήμος Βόλου","3711","Δήμος Ιωλκου"
"9105","Δήμος Βόλου","3714","Κοινότητα Μακρινιτσης"
"9105","Δήμος Βόλου","3717","Δήμος Νεας Αγχιαλου"
"9105","Δήμος Βόλου","3718","Δήμος Νεας Ιωνιας"
"9105","Δήμος Βόλου","3719","Δήμος Πορταριας"
"9106","Δήμος Ζαγοράς - Μουρεσίου","3710","Δήμος Ζαγορας"
"9106","Δήμος Ζαγοράς - Μουρεσίου","3716","Δήμος Μουρεσιου"
"9107","Δήμος Νοτίου Πηλίου","3706","Δήμος Αργαλαστης"
"9107","Δήμος Νοτίου Πηλίου","3708","Δήμος Αφετων"
"9107","Δήμος Νοτίου Πηλίου","3715","Δήμος Μηλεων"
"9107","Δήμος Νοτίου Πηλίου","3721","Δήμος Σηπιαδος"
"9107","Δήμος Νοτίου Πηλίου","3725","Κοινότητα Τρικεριου"
"9108","Δήμος Ρήγα Φεραίου","3712","Δήμος Καρλας"
"9108","Δήμος Ρήγα Φεραίου","3713","Κοινότητα Κεραμιδιου"
"9108","Δήμος Ρήγα Φεραίου","3726","Δήμος Φερων"
"9109","Δήμος Αλοννήσου","3704","Δήμος Αλοννησου"
"9110","Δήμος Σκιάθου","3722","Δήμος Σκιαθου"
"9111","Δήμος Σκοπέλου","3723","Δήμος Σκοπελου"
"9112","Δήμος Καλαμπάκας","4802","Κοινότητα Ασπροποταμου"
"9112","Δήμος Καλαμπάκας","4803","Δήμος Βασιλικης"
"9112","Δήμος Καλαμπάκας","4806","Δήμος Καλαμπακας"
"9112","Δήμος Καλαμπάκας","4808","Δήμος Καστανιας"
"9112","Δήμος Καλαμπάκας","4809","Δήμος Κλεινοβου"
"9112","Δήμος Καλαμπάκας","4811","Δήμος Μαλακασιου"
"9112","Δήμος Καλαμπάκας","4823","Δήμος Τυμφαιων"
"9112","Δήμος Καλαμπάκας","4826","Δήμος Χασιων"
"9113","Δήμος Πύλης","4801","Δήμος Αιθηκων"
"9113","Δήμος Πύλης","4804","Δήμος Γομφων"
"9113","Δήμος Πύλης","4813","Κοινότητα Μυροφυλλου"
"9113","Δήμος Πύλης","4814","Κοινότητα Νεραιδας"
"9113","Δήμος Πύλης","4819","Δήμος Πιαλειων"
"9113","Δήμος Πύλης","4820","Δήμος Πυλης"
"9113","Δήμος Πύλης","4821","Δήμος Πινδεων"
"9114","Δήμος Τρικκαίων","4805","Δήμος Εστιαιωτιδας"
"9114","Δήμος Τρικκαίων","4807","Δήμος Καλλιδενδρου"
"9114","Δήμος Τρικκαίων","4810","Δήμος Κοζιακα"
"9114","Δήμος Τρικκαίων","4812","Δήμος Μεγαλων Καλυβιων"
"9114","Δήμος Τρικκαίων","4816","Δήμος Παληοκαστρου"
"9114","Δήμος Τρικκαίων","4817","Δήμος Παραληθαιων"
"9114","Δήμος Τρικκαίων","4822","Δήμος Τρικκαιων"
"9114","Δήμος Τρικκαίων","4824","Δήμος Φαλωρειας"
"9115","Δήμος Φαρκαδόνας","4815","Δήμος Οιχαλιας"
"9115","Δήμος Φαρκαδόνας","4818","Δήμος Πελλινναιων"
"9115","Δήμος Φαρκαδόνας","4825","Δήμος Φαρκαδονας"
"9116","Δήμος Ζακύνθου","1601","Δήμος Αλυκων"
"9116","Δήμος Ζακύνθου","1602","Δήμος Αρκαδιων"
"9116","Δήμος Ζακύνθου","1603","Δήμος Αρτεμισιων"
"9116","Δήμος Ζακύνθου","1604","Δήμος Ελατιων"
"9116","Δήμος Ζακύνθου","1605","Δήμος Ζακυνθιων"
"9116","Δήμος Ζακύνθου","1606","Δήμος Λαγανα"
"9117","Δήμος Ιθάκης","2704","Δήμος Ιθακης"
"9118","Δήμος Κέρκυρας","2601","Δήμος Αγιου Γεωργιου"
"9118","Δήμος Κέρκυρας","2602","Δήμος Αχιλλειων"
"9118","Δήμος Κέρκυρας","2603","Κοινότητα Ερεικουσσης"
"9118","Δήμος Κέρκυρας","2604","Δήμος Εσπεριων"
"9118","Δήμος Κέρκυρας","2605","Δήμος Θιναλιου"
"9118","Δήμος Κέρκυρας","2606","Δήμος Κασσωπαιων"
"9118","Δήμος Κέρκυρας","2607","Δήμος Κερκυραιων"
"9118","Δήμος Κέρκυρας","2608","Δήμος Κορισσιων"
"9118","Δήμος Κέρκυρας","2609","Δήμος Λευκιμμαιων"
"9118","Δήμος Κέρκυρας","2610","Κοινότητα Μαθρακιου"
"9118","Δήμος Κέρκυρας","2611","Δήμος Μελιτειεων"
"9118","Δήμος Κέρκυρας","2612","Κοινότητα Οθωνων"
"9118","Δήμος Κέρκυρας","2613","Δήμος Παλαιοκαστριτων"
"9118","Δήμος Κέρκυρας","2615","Δήμος Παρελιων"
"9118","Δήμος Κέρκυρας","2616","Δήμος Φαιακων"
"9119","Δήμος Παξών","2614","Δήμος Παξων"
"9120","Δήμος Κεφαλλονιάς","2701","Δήμος Αργοστολιου"
"9120","Δήμος Κεφαλλονιάς","2702","Δήμος Ελειου - Προνων"
"9120","Δήμος Κεφαλλονιάς","2703","Δήμος Ερισου"
"9120","Δήμος Κεφαλλονιάς","2705","Δήμος Λειβαθους"
"9120","Δήμος Κεφαλλονιάς","2706","Κοινότητα Ομαλων"
"9120","Δήμος Κεφαλλονιάς","2707","Δήμος Παλικης"
"9120","Δήμος Κεφαλλονιάς","2708","Δήμος Πυλαρεων"
"9120","Δήμος Κεφαλλονιάς","2709","Δήμος Σαμης"
"9121","Δήμος Λευκάδας","3601","Δήμος Απολλωνιων"
"9121","Δήμος Λευκάδας","3602","Δήμος Ελλομενου"
"9121","Δήμος Λευκάδας","3603","Κοινότητα Καλαμου"
"9121","Δήμος Λευκάδας","3604","Δήμος Καρυας"
"9121","Δήμος Λευκάδας","3605","Κοινότητα Καστου"
"9121","Δήμος Λευκάδας","3606","Δήμος Λευκαδος"
"9121","Δήμος Λευκάδας","3608","Δήμος Σφακιωτων"
"9122","Δήμος Μεγανησίου","3607","Δήμος Μεγανησιου"
"9123","Δήμος Αγρινίου","201","Δήμος Αγγελοκαστρου"
"9123","Δήμος Αγρινίου","202","Δήμος Αγρινιου"
"9123","Δήμος Αγρινίου","209","Δήμος Αρακυνθου"
"9123","Δήμος Αγρινίου","212","Δήμος Θεστιεων"
"9123","Δήμος Αγρινίου","215","Δήμος Μακρυνειας"
"9123","Δήμος Αγρινίου","220","Δήμος Νεαπολης"
"9123","Δήμος Αγρινίου","222","Δήμος Παναιτωλικου"
"9123","Δήμος Αγρινίου","223","Δήμος Παραβολας"
"9123","Δήμος Αγρινίου","224","Δήμος Παρακαμπυλιων"
"9123","Δήμος Αγρινίου","227","Δήμος Στρατου"
"9124","Δήμος Ακτίου - Βόνιτσας","206","Δήμος Ανακτοριου"
"9124","Δήμος Ακτίου - Βόνιτσας","214","Δήμος Κεκροπιας"
"9124","Δήμος Ακτίου - Βόνιτσας","216","Δήμος Μεδεωνος"
"9125","Δήμος Αμφιλοχίας","205","Δήμος Αμφιλοχιας"
"9125","Δήμος Αμφιλοχίας","213","Δήμος Ιναχου"
"9125","Δήμος Αμφιλοχίας","217","Δήμος Μενιδιου"
"9126","Δήμος Θέρμου","211","Δήμος Θερμου"
"9127","Δήμος Ιεράς Πόλης Μεσολογγίου","203","Δήμος Αιτωλικου"
"9127","Δήμος Ιεράς Πόλης Μεσολογγίου","218","Δήμος Ιερας Πολης Μεσολογγιου"
"9127","Δήμος Ιεράς Πόλης Μεσολογγίου","221","Δήμος Οινιαδων"
"9128","Δήμος Ναυπακτίας","207","Δήμος Αντιρριου"
"9128","Δήμος Ναυπακτίας","208","Δήμος Αποδοτιας"
"9128","Δήμος Ναυπακτίας","219","Δήμος Ναυπακτου"
"9128","Δήμος Ναυπακτίας","225","Δήμος Πλατανου"
"9128","Δήμος Ναυπακτίας","226","Δήμος Πυλληνης"
"9128","Δήμος Ναυπακτίας","229","Δήμος Χαλκειας"
"9129","Δήμος Ξηρομέρου","204","Δήμος Αλυζιας"
"9129","Δήμος Ξηρομέρου","210","Δήμος Αστακου"
"9129","Δήμος Ξηρομέρου","228","Δήμος Φυτειων"
"9130","Δήμος Αιγιαλείας","701","Δήμος Αιγειρας"
"9130","Δήμος Αιγιαλείας","702","Δήμος Αιγιου"
"9130","Δήμος Αιγιαλείας","703","Δήμος Ακρατας"
"9130","Δήμος Αιγιαλείας","706","Δήμος Διακοπτου"
"9130","Δήμος Αιγιαλείας","708","Δήμος Ερινεου"
"9130","Δήμος Αιγιαλείας","720","Δήμος Συμπολιτειας"
"9131","Δήμος Δυτικής Αχαΐας","707","Δήμος Δυμης"
"9131","Δήμος Δυτικής Αχαΐας","711","Δήμος Λαρισσου"
"9131","Δήμος Δυτικής Αχαΐας","715","Δήμος Μοβρης"
"9131","Δήμος Δυτικής Αχαΐας","723","Δήμος Ωλενιας"
"9132","Δήμος Ερυμάνθου","710","Κοινότητα Καλεντζιου"
"9132","Δήμος Ερυμάνθου","712","Κοινότητα Λεοντιου"
"9132","Δήμος Ερυμάνθου","721","Δήμος Τριταιας"
"9132","Δήμος Ερυμάνθου","722","Δήμος Φαρρων"
"9133","Δήμος Καλαβρύτων","704","Δήμος Αροανιας"
"9133","Δήμος Καλαβρύτων","709","Δήμος Καλαβρυτων"
"9133","Δήμος Καλαβρύτων","713","Δήμος Λευκασιου"
"9133","Δήμος Καλαβρύτων","716","Δήμος Παϊων"
"9134","Δήμος Πατρέων","705","Δήμος Βραχναιικων"
"9134","Δήμος Πατρέων","714","Δήμος Μεσσατιδος"
"9134","Δήμος Πατρέων","717","Δήμος Παραλιας"
"9134","Δήμος Πατρέων","718","Δήμος Πατρεων"
"9134","Δήμος Πατρέων","719","Δήμος Ριου"
"9135","Δήμος Ανδραβίδας - Κυλλήνης","1703","Δήμος Ανδραβιδας"
"9135","Δήμος Ανδραβίδας - Κυλλήνης","1707","Δήμος Βουπρασιας"
"9135","Δήμος Ανδραβίδας - Κυλλήνης","1712","Δήμος Καστρου - Κυλληνης"
"9135","Δήμος Ανδραβίδας - Κυλλήνης","1715","Δήμος Λεχαινων"
"9136","Δήμος Ανδρίτσαινας - Κρεστένων","1701","Δήμος Αλιφειρας"
"9136","Δήμος Ανδρίτσαινας - Κρεστένων","1704","Δήμος Ανδριτσαινης"
"9136","Δήμος Ανδρίτσαινας - Κρεστένων","1718","Δήμος Σκιλλουντος"
"9137","Δήμος Αρχαίας Ολυμπίας","1705","Δήμος Αρχαιας Ολυμπιας"
"9137","Δήμος Αρχαίας Ολυμπίας","1713","Δήμος Λαμπειας"
"9137","Δήμος Αρχαίας Ολυμπίας","1714","Δήμος Λασιωνος"
"9137","Δήμος Αρχαίας Ολυμπίας","1721","Δήμος Φολοης"
"9138","Δήμος Ζαχάρως","1710","Δήμος Ζαχαρως"
"9138","Δήμος Ζαχάρως","1720","Δήμος Φιγαλειας"
"9139","Δήμος Ήλιδας","1702","Δήμος Αμαλιαδος"
"9139","Δήμος Ήλιδας","1716","Δήμος Πηνειας"
"9140","Δήμος Πηνειού","1706","Δήμος Βαρθολομιου"
"9140","Δήμος Πηνειού","1709","Δήμος Γαστουνης"
"9140","Δήμος Πηνειού","1719","Δήμος Τραγανου"
"9141","Δήμος Πύργου","1708","Δήμος Βωλακος"
"9141","Δήμος Πύργου","1711","Δήμος Ιαρδανου"
"9141","Δήμος Πύργου","1717","Δήμος Πυργου"
"9141","Δήμος Πύργου","1722","Δήμος Ωλενης"
"9142","Δήμος Αλιάρτου","802","Δήμος Αλιαρτου"
"9142","Δήμος Αλιάρτου","809","Δήμος Θεσπιεων"
"9143","Δήμος Διστόμου-Αράχοβας-Αντίκυρας","803","Κοινότητα Αντικυρας"
"9143","Δήμος Διστόμου-Αράχοβας-Αντίκυρας","804","Δήμος Αραχοβης"
"9143","Δήμος Διστόμου-Αράχοβας-Αντίκυρας","808","Δήμος Διστομου"
"9144","Δήμος Θηβαίων","805","Δήμος Βαγιων"
"9144","Δήμος Θηβαίων","810","Δήμος Θηβαιων"
"9144","Δήμος Θηβαίων","811","Δήμος Θισβης"
"9144","Δήμος Θηβαίων","817","Δήμος Πλαταιων"
"9145","Δήμος Λεβαδέων","806","Δήμος Δαυλειας"
"9145","Δήμος Λεβαδέων","812","Δήμος Κορωνειας"
"9145","Δήμος Λεβαδέων","813","Κοινότητα Κυριακιου"
"9145","Δήμος Λεβαδέων","814","Δήμος Λεβαδεων"
"9145","Δήμος Λεβαδέων","820","Δήμος Χαιρωνειας"
"9146","Δήμος Ορχομενού","801","Δήμος Ακραιφνιας"
"9146","Δήμος Ορχομενού","816","Δήμος Ορχομενου"
"9147","Δήμος Τανάγρας","807","Δήμος Δερβενοχωριων"
"9147","Δήμος Τανάγρας","815","Δήμος Οινοφυτων"
"9147","Δήμος Τανάγρας","818","Δήμος Σχηματαριου"
"9147","Δήμος Τανάγρας","819","Δήμος Ταναγρας"
"9148","Δήμος Διρφύων - Μεσσαπίων","1407","Δήμος Διρφυων"
"9148","Δήμος Διρφύων - Μεσσαπίων","1420","Δήμος Μεσσαπιων"
"9149","Δήμος Ερέτριας","1402","Δήμος Αμαρυνθιων"
"9149","Δήμος Ερέτριας","1410","Δήμος Ερετριας"
"9150","Δήμος Ιστιαίας - Αιδηψού","1401","Δήμος Αιδηψου"
"9150","Δήμος Ιστιαίας - Αιδηψού","1404","Δήμος Αρτεμισιου"
"9150","Δήμος Ιστιαίας - Αιδηψού","1411","Δήμος Ιστιαιας"
"9150","Δήμος Ιστιαίας - Αιδηψού","1418","Κοινότητα Λιχαδος"
"9150","Δήμος Ιστιαίας - Αιδηψού","1427","Δήμος Ωρεων"
"9151","Δήμος Καρύστου","1412","Δήμος Καρυστου"
"9151","Δήμος Καρύστου","1413","Κοινότητα Καφηρεως"
"9151","Δήμος Καρύστου","1419","Δήμος Μαρμαριου"
"9151","Δήμος Καρύστου","1424","Δήμος Στυρεων"
"9152","Δήμος Κύμης - Αλιβερίου","1406","Δήμος Αυλωνος"
"9152","Δήμος Κύμης - Αλιβερίου","1408","Δήμος Δυστιων"
"9152","Δήμος Κύμης - Αλιβερίου","1415","Δήμος Κονιστρων"
"9152","Δήμος Κύμης - Αλιβερίου","1416","Δήμος Κυμης"
"9152","Δήμος Κύμης - Αλιβερίου","1425","Δήμος Ταμυνεων"
"9153","Δήμος Μαντουδίου - Λίμνης - Αγίας Άννας","1409","Δήμος Ελυμνιων"
"9153","Δήμος Μαντουδίου - Λίμνης - Αγίας Άννας","1414","Δήμος Κηρεως"
"9153","Δήμος Μαντουδίου - Λίμνης - Αγίας Άννας","1422","Δήμος Νηλεως"
"9154","Δήμος Σκύρου","1423","Δήμος Σκυρου"
"9155","Δήμος Χαλκιδέων","1403","Δήμος Ανθηδωνος"
"9155","Δήμος Χαλκιδέων","1405","Δήμος Αυλιδος"
"9155","Δήμος Χαλκιδέων","1417","Δήμος Ληλαντιων"
"9155","Δήμος Χαλκιδέων","1421","Δήμος Νεας Αρτακης"
"9155","Δήμος Χαλκιδέων","1426","Δήμος Χαλκιδεων"
"9156","Δήμος Αγράφων","1501","Δήμος Αγραφων"
"9156","Δήμος Αγράφων","1502","Δήμος Απεραντιων"
"9156","Δήμος Αγράφων","1503","Δήμος Ασπροποταμου"
"9156","Δήμος Αγράφων","1504","Δήμος Βινιανης"
"9156","Δήμος Αγράφων","1511","Δήμος Φραγκιστας"
"9157","Δήμος Καρπενησίου","1505","Δήμος Δομνιστας"
"9157","Δήμος Καρπενησίου","1506","Δήμος Καρπενησιου"
"9157","Δήμος Καρπενησίου","1507","Δήμος Κτημενιων"
"9157","Δήμος Καρπενησίου","1508","Δήμος Ποταμιας"
"9157","Δήμος Καρπενησίου","1509","Δήμος Προυσσου"
"9157","Δήμος Καρπενησίου","1510","Δήμος Φουρνα"
"9158","Δήμος Αμφίκλειας - Ελάτειας","4903","Δήμος Αμφικλειας"
"9158","Δήμος Αμφίκλειας - Ελάτειας","4908","Δήμος Ελατειας"
"9158","Δήμος Αμφίκλειας - Ελάτειας","4923","Δήμος Τιθορεας"
"9159","Δήμος Δομοκού","4907","Δήμος Δομοκου"
"9159","Δήμος Δομοκού","4910","Δήμος Θεσσαλιωτιδος"
"9159","Δήμος Δομοκού","4917","Δήμος Ξυνιαδος"
"9160","Δήμος Λαμιέων","4905","Δήμος Γοργοποταμου"
"9160","Δήμος Λαμιέων","4912","Δήμος Λαμιεων"
"9160","Δήμος Λαμιέων","4913","Δήμος Λειανοκλαδιου"
"9160","Δήμος Λαμιέων","4919","Κοινότητα Παυλιανης"
"9160","Δήμος Λαμιέων","4925","Δήμος Υπατης"
"9161","Δήμος Λοκρών","4904","Δήμος Αταλαντης"
"9161","Δήμος Λοκρών","4906","Δήμος Δαφνουσιων"
"9161","Δήμος Λοκρών","4915","Δήμος Μαλεσινης"
"9161","Δήμος Λοκρών","4918","Δήμος Οπουντιων"
"9162","Δήμος Μακρακώμης","4901","Δήμος Αγιου Γεωργιου Τυμφρηστου"
"9162","Δήμος Μακρακώμης","4914","Δήμος Μακρακωμης"
"9162","Δήμος Μακρακώμης","4921","Δήμος Σπερχειαδος"
"9162","Δήμος Μακρακώμης","4924","Κοινότητα Τυμφρηστου"
"9163","Δήμος Μώλου - Αγίου Κωνσταντίνου","4902","Δήμος Αγιου Κωνσταντινου"
"9163","Δήμος Μώλου - Αγίου Κωνσταντίνου","4911","Δήμος Καμενων Βουρλων"
"9163","Δήμος Μώλου - Αγίου Κωνσταντίνου","4916","Δήμος Μωλου"
"9164","Δήμος Στυλίδας","4909","Δήμος Εχιναιων"
"9164","Δήμος Στυλίδας","4920","Δήμος Πελασγιας"
"9164","Δήμος Στυλίδας","4922","Δήμος Στυλιδος"
"9165","Δήμος Δελφών","5101","Δήμος Αμφισσης"
"9165","Δήμος Δελφών","5103","Δήμος Γαλαξιδιου"
"9165","Δήμος Δελφών","5104","Δήμος Γραβιας"
"9165","Δήμος Δελφών","5105","Δήμος Δελφων"
"9165","Δήμος Δελφών","5106","Δήμος Δεσφινας"
"9165","Δήμος Δελφών","5108","Δήμος Ιτεας"
"9165","Δήμος Δελφών","5109","Δήμος Καλλιεων"
"9165","Δήμος Δελφών","5111","Δήμος Παρνασσου"
"9166","Δήμος Δωρίδος","5102","Δήμος Βαρδουσιων"
"9166","Δήμος Δωρίδος","5107","Δήμος Ευπαλιου"
"9166","Δήμος Δωρίδος","5110","Δήμος Λιδωρικιου"
"9166","Δήμος Δωρίδος","5112","Δήμος Τολοφωνος"
"9167","Δήμος Αγίας Παρασκευής","102","Δήμος Αγιας Παρασκευης"
"9168","Δήμος Αμαρουσίου","108","Δήμος Αμαρουσιου"
"9169","Δήμος Βριλησσίων","110","Δήμος Βριλησσιων"
"9170","Δήμος Ηρακλείου","119","Δήμος Ηρακλειου"
"9171","Δήμος Κηφισιάς","115","Κοινότητα Εκαλης"
"9171","Δήμος Κηφισιάς","124","Δήμος Κηφισιας"
"9171","Δήμος Κηφισιάς","129","Δήμος Νεας Ερυθραιας"
"9172","Δήμος Λυκόβρυσης - Πεύκης","125","Δήμος Λυκοβρυσεως"
"9172","Δήμος Λυκόβρυσης - Πεύκης","141","Δήμος Πευκης"
"9173","Δήμος Μεταμορφώσεως","127","Δήμος Μεταμορφωσεως"
"9174","Δήμος Νέας Ιωνίας","130","Δήμος Νεας Ιωνιας"
"9175","Δήμος Παπάγου - Χολαργού","137","Δήμος Παπαγου"
"9175","Δήμος Παπάγου - Χολαργού","147","Δήμος Χολαργου"
"9176","Δήμος Πεντέλης","126","Δήμος Μελισσιων"
"9176","Δήμος Πεντέλης","131","Κοινότητα Νεας Πεντελης"
"9176","Δήμος Πεντέλης","138","Κοινότητα Πεντελης"
"9177","Δήμος Φιλοθέης - Ψυχικού","135","Δήμος Νεου Ψυχικου"
"9177","Δήμος Φιλοθέης - Ψυχικού","144","Δήμος Φιλοθεης"
"9177","Δήμος Φιλοθέης - Ψυχικού","148","Δήμος Ψυχικου"
"9178","Δήμος Χαλανδρίου","146","Δήμος Χαλανδριου"
"9179","Δήμος Αγίας Βαρβάρας","101","Δήμος Αγιας Βαρβαρας"
"9180","Δήμος Αγίων Αναργύρων-Καματερού","104","Δήμος Αγιων Αναργυρων"
"9180","Δήμος Αγίων Αναργύρων-Καματερού","123","Δήμος Καματερου"
"9181","Δήμος Αιγάλεω","106","Δήμος Αιγαλεω"
"9182","Δήμος Ιλίου ","120","Δήμος Ιλιου (Νεων Λιοσιων)"
"9183","Δήμος Περιστερίου","139","Δήμος Περιστεριου"
"9184","Δήμος Πετρουπόλεως","140","Δήμος Πετρουπολεως"
"9185","Δήμος Χαϊδαρίου","145","Δήμος Χαϊδαριου"
"9186","Δήμος Αθηναίων","105","Δήμος Αθηναιων"
"9187","Δήμος Βύρωνος","111","Δήμος Βυρωνος"
"9188","Δήμος Γαλατσίου","112","Δήμος Γαλατσιου"
"9189","Δήμος Δάφνης - Υμηττού","114","Δήμος Δαφνης"
"9189","Δήμος Δάφνης - Υμηττού","143","Δήμος Υμηττου"
"9190","Δήμος Ζωγράφου","117","Δήμος Ζωγραφου"
"9191","Δήμος Ηλιούπολης","118","Δήμος Ηλιουπολεως"
"9192","Δήμος Καισαριανής","121","Δήμος Καισαριανης"
"9193","Δήμος Φιλαδέλφειας - Χαλκηδόνος","133","Δήμος Νεας Φιλαδελφειας"
"9193","Δήμος Φιλαδέλφειας - Χαλκηδόνος","134","Δήμος Νεας Χαλκηδονος"
"9194","Δήμος Αγίου Δημητρίου","103","Δήμος Αγιου Δημητριου"
"9195","Δήμος Αλίμου","107","Δήμος Αλιμου"
"9196","Δήμος Γλυφάδας","113","Δήμος Γλυφαδας"
"9197","Δήμος Ελληνικού - Αργυρούπολης","109","Δήμος Αργυρουπολεως"
"9197","Δήμος Ελληνικού - Αργυρούπολης","116","Δήμος Ελληνικου"
"9198","Δήμος Καλλιθέας","122","Δήμος Καλλιθεας"
"9199","Δήμος Μοσχάτου - Ταύρου","128","Δήμος Μοσχατου"
"9199","Δήμος Μοσχάτου - Ταύρου","142","Δήμος Ταυρου"
"9200","Δήμος Νέας Σμύρνης","132","Δήμος Νεας Σμυρνης"
"9201","Δήμος Παλαιού Φαλήρου","136","Δήμος Παλαιου Φαληρου"
"9202","Δήμος Κερατσινίου - Δραπετσώνας","4006","Δήμος Δραπετσωνας"
"9202","Δήμος Κερατσινίου - Δραπετσώνας","4007","Δήμος Κερατσινιου"
"9203","Δήμος Κορυδαλλού","4008","Δήμος Κορυδαλλου"
"9204","Δήμος Νίκαιας  Αγίου Ιωάννη Ρέντη","4001","Δήμος Αγιου Ιωαννου Ρεντη"
"9204","Δήμος Νίκαιας  Αγίου Ιωάννη Ρέντη","4011","Δήμος Νικαιας"
"9205","Δήμος Πειραιώς","4012","Δήμος Πειραιως"
"9206","Δήμος Περάματος","4013","Δήμος Περαματος"
"9207","Δήμος Αγκιστρίου","4002","Κοινότητα Αγκιστριου"
"9208","Δήμος Αίγινας","4003","Δήμος Αιγινας"
"9209","Δήμος Κυθήρων","4005","Κοινότητα Αντικυθηρων"
"9209","Δήμος Κυθήρων","4009","Δήμος Κυθηρων"
"9210","Δήμος Πόρου","4014","Δήμος Πορου"
"9211","Δήμος Σαλαμίνας","4004","Δήμος Αμπελακιων"
"9211","Δήμος Σαλαμίνας","4015","Δήμος Σαλαμινας"
"9212","Δήμος Σπετσών","4016","Δήμος Σπετσων"
"9213","Δήμος Τροιζηνίας","4010","Δήμος Μεθανων"
"9213","Δήμος Τροιζηνίας","4017","Δήμος Τροιζηνος"
"9214","Δήμος Ύδρας","4018","Δήμος Υδρας"
"9215","Δήμος Αχαρνών","309","Δήμος Αχαρνων"
"9215","Δήμος Αχαρνών","319","Κοινότητα Θρακομακεδονων"
"9216","Δήμος Βάρης - Βούλας - Βουλιαγμένης","310","Δήμος Βαρης"
"9216","Δήμος Βάρης - Βούλας - Βουλιαγμένης","312","Δήμος Βουλας"
"9216","Δήμος Βάρης - Βούλας - Βουλιαγμένης","313","Δήμος Βουλιαγμενης"
"9217","Δήμος Διονύσου","302","Δήμος Αγιου Στεφανου"
"9217","Δήμος Διονύσου","305","Κοινότητα Ανοιξεως"
"9217","Δήμος Διονύσου","317","Κοινότητα Διονυσου"
"9217","Δήμος Διονύσου","318","Κοινότητα Δροσιας"
"9217","Δήμος Διονύσου","325","Κοινότητα Κρυονεριου"
"9217","Δήμος Διονύσου","340","Κοινότητα Ροδοπολεως"
"9217","Δήμος Διονύσου","344","Κοινότητα Σταματας"
"9218","Δήμος Κρωπίας","326","Δήμος Κρωπιας"
"9219","Δήμος Λαυρεωτικής","301","Κοινότητα Αγιου Κωνσταντινου"
"9219","Δήμος Λαυρεωτικής","323","Δήμος Κερατεας"
"9219","Δήμος Λαυρεωτικής","327","Δήμος Λαυρεωτικης"
"9220","Δήμος Μαραθώνος","311","Κοινότητα Βαρναβα"
"9220","Δήμος Μαραθώνος","316","Κοινότητα Γραμματικου"
"9220","Δήμος Μαραθώνος","329","Δήμος Μαραθωνος"
"9220","Δήμος Μαραθώνος","332","Δήμος Νεας Μακρης"
"9221","Δήμος Μαρκόπουλου Μεσογαίας","330","Δήμος Μαρκοπουλου Μεσογαιας"
"9222","Δήμος Παιανίας","315","Δήμος Γλυκων Νερων"
"9222","Δήμος Παιανίας","334","Δήμος Παιανιας"
"9223","Δήμος Παλλήνης","304","Κοινότητα Ανθουσης"
"9223","Δήμος Παλλήνης","314","Δήμος Γερακα"
"9223","Δήμος Παλλήνης","336","Δήμος Παλληνης"
"9224","Δήμος Ραφήνας - Πικερμίου","337","Κοινότητα Πικερμιου"
"9224","Δήμος Ραφήνας - Πικερμίου","339","Δήμος Ραφηνας"
"9225","Δήμος Σαρωνικού","303","Κοινότητα Αναβυσσου"
"9225","Δήμος Σαρωνικού","321","Δήμος Καλυβιων Θορικου"
"9225","Δήμος Σαρωνικού","324","Κοινότητα Κουβαρα"
"9225","Δήμος Σαρωνικού","335","Κοινότητα Παλαιας Φωκαιας"
"9225","Δήμος Σαρωνικού","341","Κοινότητα Σαρωνιδος"
"9226","Δήμος Σπάτων - Αρτέμιδος","306","Δήμος Αρτεμιδος (Λουτσασ)"
"9226","Δήμος Σπάτων - Αρτέμιδος","343","Δήμος Σπατων-Λουτσας"
"9227","Δήμος Ωρωπού","307","Δήμος Αυλωνος"
"9227","Δήμος Ωρωπού","308","Κοινότητα Αφιδνων"
"9227","Δήμος Ωρωπού","320","Κοινότητα Καλαμου"
"9227","Δήμος Ωρωπού","322","Κοινότητα Καπανδριτιου"
"9227","Δήμος Ωρωπού","328","Κοινότητα Μαλακασης"
"9227","Δήμος Ωρωπού","331","Κοινότητα Μαρκοπουλου Ωρωπου"
"9227","Δήμος Ωρωπού","333","Κοινότητα Νέων Παλατιων"
"9227","Δήμος Ωρωπού","338","Κοινότητα Πολυδενδριου"
"9227","Δήμος Ωρωπού","345","Κοινότητα Συκαμινου"
"9227","Δήμος Ωρωπού","347","Δήμος Ωρωπου"
"9228","Δήμος Ασπροπύργου","1102","Δήμος Ασπροπυργου"
"9229","Δήμος Ελευσίνας","1104","Δήμος Ελευσινος"
"9229","Δήμος Ελευσίνας","1107","Κοινότητα Μαγουλας"
"9230","Δήμος Μάνδρας - Ειδυλλίας","1103","Δήμος Βιλιων"
"9230","Δήμος Μάνδρας - Ειδυλλίας","1105","Δήμος Ερυθρων"
"9230","Δήμος Μάνδρας - Ειδυλλίας","1108","Δήμος Μανδρας"
"9230","Δήμος Μάνδρας - Ειδυλλίας","1111","Κοινότητα Οινοης"
"9231","Δήμος Μεγάρεων","1109","Δήμος Μεγαρεων"
"9231","Δήμος Μεγάρεων","1110","Δήμος Νεας Περαμου"
"9232","Δήμος Φυλής","1101","Δήμος Ανω Λιοσιων"
"9232","Δήμος Φυλής","1106","Δήμος Ζεφυριου"
"9232","Δήμος Φυλής","1112","Δήμος Φυλης"
"9233","Δήμος Άργους - Μυκηνών","401","Κοινότητα Αλεας"
"9233","Δήμος Άργους - Μυκηνών","402","Δήμος Αργους"
"9233","Δήμος Άργους - Μυκηνών","405","Κοινότητα Αχλαδοκαμπου"
"9233","Δήμος Άργους - Μυκηνών","408","Δήμος Κουτσοποδιου"
"9233","Δήμος Άργους - Μυκηνών","410","Δήμος Λερνας"
"9233","Δήμος Άργους - Μυκηνών","411","Δήμος Λυρκειας"
"9233","Δήμος Άργους - Μυκηνών","413","Δήμος Μυκηναιων"
"9233","Δήμος Άργους - Μυκηνών","415","Δήμος Νεας Κιου"
"9234","Δήμος Επιδαύρου","404","Δήμος Ασκληπιειου"
"9234","Δήμος Επιδαύρου","406","Δήμος Επιδαυρου"
"9235","Δήμος Ερμιονίδας","407","Δήμος Ερμιονης"
"9235","Δήμος Ερμιονίδας","409","Δήμος Κρανιδιου"
"9236","Δήμος Ναυπλιέων","403","Δήμος Ασινης"
"9236","Δήμος Ναυπλιέων","412","Δήμος Μιδεας"
"9236","Δήμος Ναυπλιέων","414","Δήμος Ναυπλιου"
"9236","Δήμος Ναυπλιέων","416","Δήμος Νεας Τιρυνθας"
"9237","Δήμος Βόρειας Κυνουρίας","503","Δήμος Βορειας Κυνουριας"
"9238","Δήμος Γορτυνίας","504","Δήμος Βυτινας"
"9238","Δήμος Γορτυνίας","506","Δήμος Δημητσανης"
"9238","Δήμος Γορτυνίας","507","Δήμος Ηραιας"
"9238","Δήμος Γορτυνίας","508","Δήμος Κλειτορος"
"9238","Δήμος Γορτυνίας","509","Δήμος Κοντοβαζαινης"
"9238","Δήμος Γορτυνίας","512","Δήμος Λαγκαδιων"
"9238","Δήμος Γορτυνίας","519","Δήμος Τρικολωνων"
"9238","Δήμος Γορτυνίας","521","Δήμος Τροπαιων"
"9239","Δήμος Μεγαλόπολης","505","Δήμος Γορτυνος"
"9239","Δήμος Μεγαλόπολης","516","Δήμος Μεγαλοπολης"
"9239","Δήμος Μεγαλόπολης","522","Δήμος Φαλαισιας"
"9240","Δήμος Νότιας Κυνουρίας","501","Δήμος Απολλωνος"
"9240","Δήμος Νότιας Κυνουρίας","511","Κοινότητα Κοσμα"
"9240","Δήμος Νότιας Κυνουρίας","514","Δήμος Λεωνιδιου"
"9241","Δήμος Τρίπολης","502","Δήμος Βαλτετσιου"
"9241","Δήμος Τρίπολης","510","Δήμος Κορυθιου"
"9241","Δήμος Τρίπολης","513","Δήμος Λεβιδιου"
"9241","Δήμος Τρίπολης","515","Δήμος Μαντινειας"
"9241","Δήμος Τρίπολης","517","Δήμος Σκιριτιδας"
"9241","Δήμος Τρίπολης","518","Δήμος Τεγεας"
"9241","Δήμος Τρίπολης","520","Δήμος Τριπολης"
"9241","Δήμος Τρίπολης","523","Δήμος Φαλανθου"
"9242","Δήμος Βέλου - Βόχας","3003","Δήμος Βελου"
"9242","Δήμος Βέλου - Βόχας","3004","Δήμος Βοχας"
"9243","Δήμος Κορινθίων","3002","Δήμος Ασσου-Λεχαιου"
"9243","Δήμος Κορινθίων","3006","Δήμος Κορινθιων"
"9243","Δήμος Κορινθίων","3010","Δήμος Σαρωνικου"
"9243","Δήμος Κορινθίων","3012","Δήμος Σολυγειας"
"9243","Δήμος Κορινθίων","3014","Δήμος Τενεας"
"9244","Δήμος Λουτρακίου - Αγίων Θεοδώρων","3001","Δήμος Αγιων Θεοδωρων"
"9244","Δήμος Λουτρακίου - Αγίων Θεοδώρων","3007","Δήμος Λουτρακιου-Περαχωρας"
"9245","Δήμος Νεμέας","3008","Δήμος Νεμεας"
"9246","Δήμος Ξυλοκάστρου - Ευρωστίνης","3005","Δήμος Ευρωστινης"
"9246","Δήμος Ξυλοκάστρου - Ευρωστίνης","3009","Δήμος Ξυλοκαστρου"
"9247","Δήμος Σικυωνίων","3011","Δήμος Σικυωνιων"
"9247","Δήμος Σικυωνίων","3013","Δήμος Στυμφαλιας"
"9247","Δήμος Σικυωνίων","3015","Δήμος Φενεου"
"9248","Δήμος Ανατολικής Μάνης","3201","Δήμος Ανατολικης Μανης"
"9248","Δήμος Ανατολικής Μάνης","3205","Δήμος Γυθειου"
"9248","Δήμος Ανατολικής Μάνης","3217","Δήμος Οιτυλου"
"9248","Δήμος Ανατολικής Μάνης","3220","Δήμος Σμυνους"
"9249","Δήμος Ελαφονήσου","3206","Κοινότητα Ελαφονησου"
"9250","Δήμος Ευρώτα","3204","Δήμος Γερονθρων"
"9250","Δήμος Ευρώτα","3207","Δήμος Ελους"
"9250","Δήμος Ευρώτα","3211","Δήμος Κροκεων"
"9250","Δήμος Ευρώτα","3215","Δήμος Νιατων"
"9250","Δήμος Ευρώτα","3219","Δήμος Σκαλας"
"9251","Δήμος Μονεμβασιάς","3202","Δήμος Ασωπου"
"9251","Δήμος Μονεμβασιάς","3203","Δήμος Βοιων"
"9251","Δήμος Μονεμβασιάς","3208","Δήμος Ζαρακα"
"9251","Δήμος Μονεμβασιάς","3212","Δήμος Μολαων"
"9251","Δήμος Μονεμβασιάς","3213","Δήμος Μονεμβασιας"
"9252","Δήμος Σπάρτης","3209","Δήμος Θεραπνων"
"9252","Δήμος Σπάρτης","3210","Κοινότητα Καρυων"
"9252","Δήμος Σπάρτης","3214","Δήμος Μυστρα"
"9252","Δήμος Σπάρτης","3216","Δήμος Οινουντος"
"9252","Δήμος Σπάρτης","3218","Δήμος Πελλανας"
"9252","Δήμος Σπάρτης","3221","Δήμος Σπαρτης"
"9252","Δήμος Σπάρτης","3222","Δήμος Φαριδος"
"9253","Δήμος Δυτικής Μάνης","3801","Δήμος Αβιας"
"9253","Δήμος Δυτικής Μάνης","3819","Δήμος Λευκτρου"
"9254","Δήμος Καλαμάτας","3806","Δήμος Αριος"
"9254","Δήμος Καλαμάτας","3808","Δήμος Αρφαρων"
"9254","Δήμος Καλαμάτας","3814","Δήμος Θουριας"
"9254","Δήμος Καλαμάτας","3816","Δήμος Καλαματας"
"9255","Δήμος Μεσσήνης","3803","Δήμος Αιπειας"
"9255","Δήμος Μεσσήνης","3805","Δήμος Ανδρουσας"
"9255","Δήμος Μεσσήνης","3807","Δήμος Αριστομενους"
"9255","Δήμος Μεσσήνης","3810","Δήμος Βουφραδος"
"9255","Δήμος Μεσσήνης","3815","Δήμος Ιθωμης"
"9255","Δήμος Μεσσήνης","3822","Δήμος Μεσσηνης"
"9255","Δήμος Μεσσήνης","3826","Δήμος Πεταλιδιου"
"9255","Δήμος Μεσσήνης","3828","Κοινότητα Τρικορφου"
"9256","Δήμος Οιχαλίας","3804","Δήμος Ανδανιας"
"9256","Δήμος Οιχαλίας","3812","Δήμος Δωριου"
"9256","Δήμος Οιχαλίας","3813","Δήμος Ειρας"
"9256","Δήμος Οιχαλίας","3821","Δήμος Μελιγαλα"
"9256","Δήμος Οιχαλίας","3824","Δήμος Οιχαλιας"
"9257","Δήμος Πύλου - Νέστορος","3817","Δήμος Κορωνης"
"9257","Δήμος Πύλου - Νέστορος","3820","Δήμος Μεθωνης"
"9257","Δήμος Πύλου - Νέστορος","3823","Δήμος Νεστορος"
"9257","Δήμος Πύλου - Νέστορος","3825","Δήμος Παπαφλεσσα"
"9257","Δήμος Πύλου - Νέστορος","3827","Δήμος Πυλου"
"9257","Δήμος Πύλου - Νέστορος","3831","Δήμος Χιλιοχωριων"
"9258","Δήμος Τριφυλίας","3802","Δήμος Αετου"
"9258","Δήμος Τριφυλίας","3809","Δήμος Αυλωνος"
"9258","Δήμος Τριφυλίας","3811","Δήμος Γαργαλιανων"
"9258","Δήμος Τριφυλίας","3818","Δήμος Κυπαρισσιας"
"9258","Δήμος Τριφυλίας","3829","Κοινότητα Τριπυλης"
"9258","Δήμος Τριφυλίας","3830","Δήμος Φιλιατρων"
"9259","Δήμος Ικαρίας ","4601","Δήμος Αγιου Κηρυκου"
"9259","Δήμος Ικαρίας ","4603","Δήμος Ευδηλου"
"9259","Δήμος Ικαρίας ","4607","Δήμος Ραχων"
"9260","Δήμος Φούρνων Κορσεών","4608","Δήμος Φουρνων Κορσεων"
"9261","Δήμος Λέσβου","3501","Δήμος Αγιας Παρασκευης"
"9261","Δήμος Λέσβου","3502","Δήμος Αγιασου"
"9261","Δήμος Λέσβου","3505","Δήμος Γερας"
"9261","Δήμος Λέσβου","3506","Δήμος Ερεσου - Αντισσης"
"9261","Δήμος Λέσβου","3507","Δήμος Ευεργετουλα"
"9261","Δήμος Λέσβου","3508","Δήμος Καλλονης"
"9261","Δήμος Λέσβου","3509","Δήμος Λουτροπολεως Θερμης"
"9261","Δήμος Λέσβου","3510","Δήμος Μανταμαδου"
"9261","Δήμος Λέσβου","3511","Δήμος Μηθυμνας"
"9261","Δήμος Λέσβου","3514","Δήμος Μυτιληνης"
"9261","Δήμος Λέσβου","3516","Δήμος Πετρας"
"9261","Δήμος Λέσβου","3517","Δήμος Πλωμαριου"
"9261","Δήμος Λέσβου","3518","Δήμος Πολιχνιτου"
"9262","Δήμος Αγίου Ευστρατίου","3503","Κοινότητα Αγιου Ευστρατιου"
"9263","Δήμος Λήμνου","3504","Δήμος Ατσικης"
"9263","Δήμος Λήμνου","3512","Δήμος Μουδρου"
"9263","Δήμος Λήμνου","3513","Δήμος Μυρινας"
"9263","Δήμος Λήμνου","3515","Δήμος Νεας Κουταλης"
"9264","Δήμος Σάμου","4602","Δήμος Βαθεος"
"9264","Δήμος Σάμου","4604","Δήμος Καρλοβασιων"
"9264","Δήμος Σάμου","4605","Δήμος Μαραθοκαμπου"
"9264","Δήμος Σάμου","4606","Δήμος Πυθαγορειου"
"9265","Δήμος Οινουσσών","5407","Δήμος Οινουσσων"
"9266","Δήμος Χίου","5401","Δήμος Αγιου Μηνα"
"9266","Δήμος Χίου","5402","Δήμος Αμανης"
"9266","Δήμος Χίου","5403","Δήμος Ιωνιας"
"9266","Δήμος Χίου","5404","Δήμος Καμποχωρων"
"9266","Δήμος Χίου","5405","Δήμος Καρδαμυλων"
"9266","Δήμος Χίου","5406","Δήμος Μαστιχοχωριων"
"9266","Δήμος Χίου","5408","Δήμος Ομηρουπολης"
"9266","Δήμος Χίου","5409","Δήμος Χιου"
"9267","Δήμος Ψαρών","5410","Δήμος Ψαρων"
"9268","Δήμος Άνδρου","3103","Δήμος Ανδρου"
"9268","Δήμος Άνδρου","3115","Δήμος Κορθιου"
"9268","Δήμος Άνδρου","3130","Δήμος Υδρουσας"
"9269","Δήμος Ανάφης","3102","Κοινότητα Αναφης"
"9270","Δήμος Θήρας","3111","Δήμος Θηρας"
"9270","Δήμος Θήρας","3121","Κοινότητα Οιας"
"9271","Δήμος Ιητών","3112","Δήμος Ιητων"
"9272","Δήμος Σικίνου","3126","Κοινότητα Σικινου"
"9273","Δήμος Φολεγάνδρου","3131","Κοινότητα Φολεγανδρου"
"9274","Δήμος Αγαθονησίου","1201","Κοινότητα Αγαθονησιου"
"9275","Δήμος Αστυπάλαιας","1203","Δήμος Αστυπαλαιας"
"9276","Δήμος Καλυμνίων","1210","Δήμος Καλυμνιων"
"9277","Δήμος Λειψών","1215","Δήμος Λειψων"
"9278","Δήμος Λέρου","1216","Δήμος Λερου"
"9279","Δήμος Πάτμου","1222","Δήμος Πατμου"
"9280","Δήμος Καρπάθου","1212","Δήμος Καρπαθου"
"9280","Δήμος Καρπάθου","1221","Κοινότητα Ολυμπου"
"9281","Δήμος Κάσου","1213","Δήμος Κασου"
"9282","Δήμος Κέας","3113","Δήμος Κεας"
"9283","Δήμος Κύθνου","3117","Δήμος Κυθνου"
"9284","Δήμος Κω","1206","Δήμος Δικαιου"
"9284","Δήμος Κω","1207","Δήμος Ηρακλειδων"
"9284","Δήμος Κω","1214","Δήμος Κω"
"9285","Δήμος Νισύρου","1219","Δήμος Νισυρου"
"9286","Δήμος Κιμώλου","3114","Κοινότητα Κιμωλου"
"9287","Δήμος Μήλου","3118","Δήμος Μηλου"
"9288","Δήμος Σερίφου","3125","Δήμος Σεριφου"
"9289","Δήμος Σίφνου","3127","Δήμος Σιφνου"
"9290","Δήμος Μυκόνου","3119","Δήμος Μυκονου"
"9291","Δήμος Αμοργού","3101","Δήμος Αμοργου"
"9292","Δήμος Νάξου & Μικρών Κυκλάδων","3106","Κοινότητα Δονουσης"
"9292","Δήμος Νάξου & Μικρών Κυκλάδων","3107","Δήμος Δρυμαλιας"
"9292","Δήμος Νάξου & Μικρών Κυκλάδων","3110","Κοινότητα Ηρακλειας"
"9292","Δήμος Νάξου & Μικρών Κυκλάδων","3116","Κοινότητα Κουφονησιων"
"9292","Δήμος Νάξου & Μικρών Κυκλάδων","3120","Δήμος Ναξου"
"9292","Δήμος Νάξου & Μικρών Κυκλάδων","3128","Κοινότητα Σχοινουσσης"
"9293","Δήμος Αντιπάρου","3104","Κοινότητα Αντιπαρου"
"9294","Δήμος Πάρου","3123","Δήμος Παρου"
"9295","Δήμος Μεγίστης","1218","Δήμος Μεγιστης"
"9296","Δήμος Ρόδου","1202","Δήμος Αρχαγγελου"
"9296","Δήμος Ρόδου","1204","Δήμος Αταβυρου"
"9296","Δήμος Ρόδου","1205","Δήμος Αφαντου"
"9296","Δήμος Ρόδου","1208","Δήμος Ιαλυσου"
"9296","Δήμος Ρόδου","1209","Δήμος Καλλιθεας"
"9296","Δήμος Ρόδου","1211","Δήμος Καμειρου"
"9296","Δήμος Ρόδου","1217","Δήμος Λινδιων"
"9296","Δήμος Ρόδου","1220","Δήμος Νοτιας Ροδου"
"9296","Δήμος Ρόδου","1223","Δήμος Πεταλουδων"
"9296","Δήμος Ρόδου","1224","Δήμος Ροδου"
"9297","Δήμος Σύμης","1225","Δήμος Συμης"
"9298","Δήμος Τήλου","1226","Δήμος Τηλου"
"9299","Δήμος Χάλκης","1227","Δήμος Χαλκης"
"9300","Δήμος Σύρου - Ερμούπολης","3105","Δήμος Ανω Συρου"
"9300","Δήμος Σύρου - Ερμούπολης","3109","Δήμος Ερμουπολεως"
"9300","Δήμος Σύρου - Ερμούπολης","3124","Δήμος Ποσειδωνιας"
"9301","Δήμος Τήνου","3108","Δήμος Εξωμβουργου"
"9301","Δήμος Τήνου","3122","Κοινότητα Πανορμου"
"9301","Δήμος Τήνου","3129","Δήμος Τηνου"
"9302","Δήμος Αρχανών - Αστερουσίων","1903","Δήμος Αρχανων"
"9302","Δήμος Αρχανών - Αστερουσίων","1904","Δήμος Αστερουσιων"
"9302","Δήμος Αρχανών - Αστερουσίων","1920","Δήμος Νικου Καζαντζακη"
"9303","Δήμος Βιάννου","1905","Δήμος Βιαννου"
"9304","Δήμος Γόρτυνας","1901","Δήμος Αγιας Βαρβαρας"
"9304","Δήμος Γόρτυνας","1908","Δήμος Γορτυνας"
"9304","Δήμος Γόρτυνας","1915","Δήμος Κοφινα"
"9304","Δήμος Γόρτυνας","1921","Δήμος Ρουβα"
"9305","Δήμος Ηρακλείου","1907","Δήμος Γοργολαϊνη"
"9305","Δήμος Ηρακλείου","1912","Δήμος Ηρακλειου"
"9305","Δήμος Ηρακλείου","1919","Δήμος Νεας Αλικαρνασσου"
"9305","Δήμος Ηρακλείου","1922","Δήμος Τεμενους"
"9305","Δήμος Ηρακλείου","1923","Δήμος Τετραχωριου"
"9306","Δήμος Μαλεβιζίου","1906","Δήμος Γαζιου"
"9306","Δήμος Μαλεβιζίου","1916","Δήμος Κρουσωνα"
"9306","Δήμος Μαλεβιζίου","1924","Δήμος Τυλισου"
"9307","Δήμος Μινώα Πεδιάδας","1902","Δήμος Αρκαλοχωριου"
"9307","Δήμος Μινώα Πεδιάδας","1913","Δήμος Θραψανου"
"9307","Δήμος Μινώα Πεδιάδας","1914","Δήμος Καστελλιου"
"9308","Δήμος Φαιστού","1911","Δήμος Ζαρου"
"9308","Δήμος Φαιστού","1918","Δήμος Μοιρων"
"9308","Δήμος Φαιστού","1925","Δήμος Τυμπακιου"
"9309","Δήμος Χερσονήσου","1909","Δήμος Γουβων"
"9309","Δήμος Χερσονήσου","1910","Δήμος Επισκοπης"
"9309","Δήμος Χερσονήσου","1917","Δήμος Μαλιων"
"9309","Δήμος Χερσονήσου","1926","Δήμος Χερσονησου"
"9310","Δήμος Αγίου Νικολάου","3401","Δήμος Αγιου Νικολαου"
"9310","Δήμος Αγίου Νικολάου","3406","Δήμος Νεαπολης"
"9310","Δήμος Αγίου Νικολάου","3409","Κοινότητα Βραχασιου"
"9311","Δήμος Ιεράπετρας","3402","Δήμος Ιεραπετρας"
"9311","Δήμος Ιεράπετρας","3405","Δήμος Μακρυ Γιαλου"
"9312","Δήμος Οροπεδίου Λασιθίου","3407","Δήμος Οροπεδιου Λασιθιου"
"9313","Δήμος Σητείας","3403","Δήμος Ιτανου"
"9313","Δήμος Σητείας","3404","Δήμος Λευκης"
"9313","Δήμος Σητείας","3408","Δήμος Σητειας"
"9314","Δήμος Αγίου Βασιλείου","4406","Δήμος Λαμπης"
"9314","Δήμος Αγίου Βασιλείου","4411","Δήμος Φοινικα"
"9315","Δήμος Αμαρίου","4405","Δήμος Κουρητων"
"9315","Δήμος Αμαρίου","4410","Δήμος Συβριτου"
"9316","Δήμος Ανωγείων","4401","Δήμος Ανωγειων"
"9317","Δήμος Μυλοποτάμου","4403","Δήμος Γεροποταμου"
"9317","Δήμος Μυλοποτάμου","4404","Δήμος Κουλουκωνα"
"9317","Δήμος Μυλοποτάμου","4412","Κοινότητα Ζωνιανων"
"9318","Δήμος Ρεθύμνου","4402","Δήμος Αρκαδιου"
"9318","Δήμος Ρεθύμνου","4407","Δήμος Λαππαιων"
"9318","Δήμος Ρεθύμνου","4408","Δήμος Νικηφορου Φωκα"
"9318","Δήμος Ρεθύμνου","4409","Δήμος Ρεθυμνης"
"9319","Δήμος Αποκορώνου","5303","Δήμος Αρμενων"
"9319","Δήμος Αποκορώνου","5304","Κοινότητα Αση Γωνιας"
"9319","Δήμος Αποκορώνου","5305","Δήμος Βαμου"
"9319","Δήμος Αποκορώνου","5308","Δήμος Γεωργιουπολεως"
"9319","Δήμος Αποκορώνου","5316","Δήμος Κρυονεριδας"
"9319","Δήμος Αποκορώνου","5324","Δήμος Φρε"
"9320","Δήμος Γαύδου","5307","Κοινότητα Γαυδου"
"9321","Δήμος Καντάνου - Σελἰνου","5302","Δήμος Ανατολικου Σελινου"
"9321","Δήμος Καντάνου - Σελἰνου","5312","Δήμος Καντανου"
"9321","Δήμος Καντάνου - Σελἰνου","5320","Δήμος Πελεκανου"
"9322","Δήμος Κισσάμου","5311","Δήμος Ιναχωριου"
"9322","Δήμος Κισσάμου","5314","Δήμος Κισσαμου"
"9322","Δήμος Κισσάμου","5318","Δήμος Μυθημνης"
"9323","Δήμος Πλατανιά","5306","Δήμος Βουκολιων"
"9323","Δήμος Πλατανιά","5315","Δήμος Κολυμβαριου"
"9323","Δήμος Πλατανιά","5317","Δήμος Μουσουρων"
"9323","Δήμος Πλατανιά","5321","Δήμος Πλατανια"
"9324","Δήμος Σφακίων","5323","Δήμος Σφακιων"
"9325","Δήμος Χανίων","5301","Δήμος Ακρωτηριου"
"9325","Δήμος Χανίων","5309","Δήμος Ελευθεριου Βενιζελου"
"9325","Δήμος Χανίων","5310","Δήμος Θερισου"
"9325","Δήμος Χανίων","5313","Δήμος Κεραμιων"
"9325","Δήμος Χανίων","5319","Δήμος Νεας Κυδωνιας"
"9325","Δήμος Χανίων","5322","Δήμος Σουδας"
"9325","Δήμος Χανίων","5325","Δήμος Χανιων"