"http://publicspending.medialab.ntua.gr/resource/regionalUnit/Aetolia-Acarnania","http://dbpedia.org/property/populationTotal","209,500"
"http://publicspending.medialab.ntua.gr/resource/regionalUnit/Aetolia-Acarnania","http://dbpedia.org/property/populationAsOf","2011"
"http://publicspending.medialab.ntua.gr/resource/regionalUnit/Aetolia-Acarnania","http://dbpedia.org/property/sexRatio","49.760765550239"
"http://publicspending.medialab.ntua.gr/resource/regionalUnit/Aetolia-Acarnania","http://dbpedia.org/ontology/populationDensity","3.836"
"http://publicspending.medialab.ntua.gr/resource/regionalUnit/EastAttica","http://dbpedia.org/property/populationTotal","502,090"
"http://publicspending.medialab.ntua.gr/resource/regionalUnit/EastAttica","http://dbpedia.org/property/populationAsOf","2011"
"http://publicspending.medialab.ntua.gr/resource/regionalUnit/EastAttica","http://dbpedia.org/property/sexRatio","50.398406374502"
"http://publicspending.medialab.ntua.gr/resource/regionalUnit/EastAttica","http://dbpedia.org/ontology/populationDensity","33.185"
"http://publicspending.medialab.ntua.gr/resource/regionalUnit/Andros","http://dbpedia.org/property/populationTotal","9,170"
"http://publicspending.medialab.ntua.gr/resource/regionalUnit/Andros","http://dbpedia.org/property/populationAsOf","2011"
"http://publicspending.medialab.ntua.gr/resource/regionalUnit/Andros","http://dbpedia.org/property/sexRatio","44.444444444444"
"http://publicspending.medialab.ntua.gr/resource/regionalUnit/Andros","http://dbpedia.org/ontology/populationDensity","2.413"
"http://publicspending.medialab.ntua.gr/resource/regionalUnit/Argolis","http://dbpedia.org/property/populationTotal","97,090"
"http://publicspending.medialab.ntua.gr/resource/regionalUnit/Argolis","http://dbpedia.org/property/populationAsOf","2011"
"http://publicspending.medialab.ntua.gr/resource/regionalUnit/Argolis","http://dbpedia.org/property/sexRatio","49.484536082474"
"http://publicspending.medialab.ntua.gr/resource/regionalUnit/Argolis","http://dbpedia.org/ontology/populationDensity","4.507"
"http://publicspending.medialab.ntua.gr/resource/regionalUnit/Arcadia","http://dbpedia.org/property/populationTotal","86,820"
"http://publicspending.medialab.ntua.gr/resource/regionalUnit/Arcadia","http://dbpedia.org/property/populationAsOf","2011"
"http://publicspending.medialab.ntua.gr/resource/regionalUnit/Arcadia","http://dbpedia.org/property/sexRatio","51.162790697674"
"http://publicspending.medialab.ntua.gr/resource/regionalUnit/Arcadia","http://dbpedia.org/ontology/populationDensity","1.965"
"http://publicspending.medialab.ntua.gr/resource/regionalUnit/Arta","http://dbpedia.org/property/populationTotal","67,870"
"http://publicspending.medialab.ntua.gr/resource/regionalUnit/Arta","http://dbpedia.org/property/populationAsOf","2011"
"http://publicspending.medialab.ntua.gr/resource/regionalUnit/Arta","http://dbpedia.org/property/sexRatio","49.253731343284"
"http://publicspending.medialab.ntua.gr/resource/regionalUnit/Arta","http://dbpedia.org/ontology/populationDensity","4.083"
"http://publicspending.medialab.ntua.gr/resource/regionalUnit/Achaea","http://dbpedia.org/property/populationTotal","310,580"
"http://publicspending.medialab.ntua.gr/resource/regionalUnit/Achaea","http://dbpedia.org/property/populationAsOf","2011"
"http://publicspending.medialab.ntua.gr/resource/regionalUnit/Achaea","http://dbpedia.org/property/sexRatio","49.677419354839"
"http://publicspending.medialab.ntua.gr/resource/regionalUnit/Achaea","http://dbpedia.org/ontology/populationDensity","9.493"
"http://publicspending.medialab.ntua.gr/resource/regionalUnit/Viotia","http://dbpedia.org/property/populationTotal","117,730"
"http://publicspending.medialab.ntua.gr/resource/regionalUnit/Viotia","http://dbpedia.org/property/populationAsOf","2011"
"http://publicspending.medialab.ntua.gr/resource/regionalUnit/Viotia","http://dbpedia.org/property/sexRatio","52.136752136752"
"http://publicspending.medialab.ntua.gr/resource/regionalUnit/Viotia","http://dbpedia.org/ontology/populationDensity","3.989"
"http://publicspending.medialab.ntua.gr/resource/regionalUnit/NorthAthens","http://dbpedia.org/property/populationTotal","592,400"
"http://publicspending.medialab.ntua.gr/resource/regionalUnit/NorthAthens","http://dbpedia.org/property/populationAsOf","2011"
"http://publicspending.medialab.ntua.gr/resource/regionalUnit/NorthAthens","http://dbpedia.org/property/sexRatio","47.297297297297"
"http://publicspending.medialab.ntua.gr/resource/regionalUnit/NorthAthens","http://dbpedia.org/ontology/populationDensity","4.268,41"
"http://publicspending.medialab.ntua.gr/resource/regionalUnit/Grevena","http://dbpedia.org/property/populationTotal","31,490"
"http://publicspending.medialab.ntua.gr/resource/regionalUnit/Grevena","http://dbpedia.org/property/populationAsOf","2011"
"http://publicspending.medialab.ntua.gr/resource/regionalUnit/Grevena","http://dbpedia.org/property/sexRatio","51.612903225806"
"http://publicspending.medialab.ntua.gr/resource/regionalUnit/Grevena","http://dbpedia.org/ontology/populationDensity","1.375"
"http://publicspending.medialab.ntua.gr/resource/regionalUnit/Drama","http://dbpedia.org/property/populationTotal","98,540"
"http://publicspending.medialab.ntua.gr/resource/regionalUnit/Drama","http://dbpedia.org/property/populationAsOf","2011"
"http://publicspending.medialab.ntua.gr/resource/regionalUnit/Drama","http://dbpedia.org/property/sexRatio","47.959183673469"
"http://publicspending.medialab.ntua.gr/resource/regionalUnit/Drama","http://dbpedia.org/ontology/populationDensity","2.841"
"http://publicspending.medialab.ntua.gr/resource/regionalUnit/WestAttica","http://dbpedia.org/property/populationTotal","161,300"
"http://publicspending.medialab.ntua.gr/resource/regionalUnit/WestAttica","http://dbpedia.org/property/populationAsOf","2011"
"http://publicspending.medialab.ntua.gr/resource/regionalUnit/WestAttica","http://dbpedia.org/property/sexRatio","50.931677018634"
"http://publicspending.medialab.ntua.gr/resource/regionalUnit/WestAttica","http://dbpedia.org/ontology/populationDensity","16.066"
"http://publicspending.medialab.ntua.gr/resource/regionalUnit/DitikosTomeasAthinon","http://dbpedia.org/property/populationTotal","487,730"
"http://publicspending.medialab.ntua.gr/resource/regionalUnit/DitikosTomeasAthinon","http://dbpedia.org/property/populationAsOf","2011"
"http://publicspending.medialab.ntua.gr/resource/regionalUnit/DitikosTomeasAthinon","http://dbpedia.org/property/sexRatio","48.870636550308"
"http://publicspending.medialab.ntua.gr/resource/regionalUnit/DitikosTomeasAthinon","http://dbpedia.org/ontology/populationDensity","7.303,53"
"http://publicspending.medialab.ntua.gr/resource/regionalUnit/Evros","http://dbpedia.org/property/populationTotal","147,530"
"http://publicspending.medialab.ntua.gr/resource/regionalUnit/Evros","http://dbpedia.org/property/populationAsOf","2011"
"http://publicspending.medialab.ntua.gr/resource/regionalUnit/Evros","http://dbpedia.org/property/sexRatio","50.340136054422"
"http://publicspending.medialab.ntua.gr/resource/regionalUnit/Evros","http://dbpedia.org/ontology/populationDensity","3.478"
"http://publicspending.medialab.ntua.gr/resource/regionalUnit/Euboea","http://dbpedia.org/property/populationTotal","210,210"
"http://publicspending.medialab.ntua.gr/resource/regionalUnit/Euboea","http://dbpedia.org/property/populationAsOf","2011"
"http://publicspending.medialab.ntua.gr/resource/regionalUnit/Euboea","http://dbpedia.org/property/sexRatio","50.47619047619"
"http://publicspending.medialab.ntua.gr/resource/regionalUnit/Euboea","http://dbpedia.org/ontology/populationDensity","5.044"
"http://publicspending.medialab.ntua.gr/resource/regionalUnit/Evrytania","http://dbpedia.org/property/populationTotal","20,280"
"http://publicspending.medialab.ntua.gr/resource/regionalUnit/Evrytania","http://dbpedia.org/property/populationAsOf","2011"
"http://publicspending.medialab.ntua.gr/resource/regionalUnit/Evrytania","http://dbpedia.org/property/sexRatio","50"
"http://publicspending.medialab.ntua.gr/resource/regionalUnit/Evrytania","http://dbpedia.org/ontology/populationDensity","1.085"
"http://publicspending.medialab.ntua.gr/resource/regionalUnit/Zakinthos","http://dbpedia.org/property/populationTotal","40,650"
"http://publicspending.medialab.ntua.gr/resource/regionalUnit/Zakinthos","http://dbpedia.org/property/populationAsOf","2011"
"http://publicspending.medialab.ntua.gr/resource/regionalUnit/Zakinthos","http://dbpedia.org/property/sexRatio","50"
"http://publicspending.medialab.ntua.gr/resource/regionalUnit/Zakinthos","http://dbpedia.org/ontology/populationDensity","10.023"
"http://publicspending.medialab.ntua.gr/resource/regionalUnit/Ilia","http://dbpedia.org/property/populationTotal","160,110"
"http://publicspending.medialab.ntua.gr/resource/regionalUnit/Ilia","http://dbpedia.org/property/populationAsOf","2011"
"http://publicspending.medialab.ntua.gr/resource/regionalUnit/Ilia","http://dbpedia.org/property/sexRatio","50.625"
"http://publicspending.medialab.ntua.gr/resource/regionalUnit/Ilia","http://dbpedia.org/ontology/populationDensity","6.116"
"http://publicspending.medialab.ntua.gr/resource/regionalUnit/Imathia","http://dbpedia.org/property/populationTotal","140,710"
"http://publicspending.medialab.ntua.gr/resource/regionalUnit/Imathia","http://dbpedia.org/property/populationAsOf","2011"
"http://publicspending.medialab.ntua.gr/resource/regionalUnit/Imathia","http://dbpedia.org/property/sexRatio","49.285714285714"
"http://publicspending.medialab.ntua.gr/resource/regionalUnit/Imathia","http://dbpedia.org/ontology/populationDensity","8.273"
"http://publicspending.medialab.ntua.gr/resource/regionalUnit/Heraklion","http://dbpedia.org/property/populationTotal","304,270"
"http://publicspending.medialab.ntua.gr/resource/regionalUnit/Heraklion","http://dbpedia.org/property/populationAsOf","2011"
"http://publicspending.medialab.ntua.gr/resource/regionalUnit/Heraklion","http://dbpedia.org/property/sexRatio","49.342105263158"
"http://publicspending.medialab.ntua.gr/resource/regionalUnit/Heraklion","http://dbpedia.org/ontology/populationDensity","11.520"
"http://publicspending.medialab.ntua.gr/resource/regionalUnit/Thasos","http://dbpedia.org/property/populationTotal","13,720"
"http://publicspending.medialab.ntua.gr/resource/regionalUnit/Thasos","http://dbpedia.org/property/populationAsOf","2011"
"http://publicspending.medialab.ntua.gr/resource/regionalUnit/Thasos","http://dbpedia.org/property/sexRatio","46.153846153846"
"http://publicspending.medialab.ntua.gr/resource/regionalUnit/Thasos","http://dbpedia.org/ontology/populationDensity","3.610"
"http://publicspending.medialab.ntua.gr/resource/regionalUnit/Thesprotia","http://dbpedia.org/property/populationTotal","43,660"
"http://publicspending.medialab.ntua.gr/resource/regionalUnit/Thesprotia","http://dbpedia.org/property/populationAsOf","2011"
"http://publicspending.medialab.ntua.gr/resource/regionalUnit/Thesprotia","http://dbpedia.org/property/sexRatio","48.837209302326"
"http://publicspending.medialab.ntua.gr/resource/regionalUnit/Thesprotia","http://dbpedia.org/ontology/populationDensity","2.883"
"http://publicspending.medialab.ntua.gr/resource/regionalUnit/Thessaloniki","http://dbpedia.org/property/populationTotal","1.104.460"
"http://publicspending.medialab.ntua.gr/resource/regionalUnit/Thessaloniki","http://dbpedia.org/property/populationAsOf","2011"
"http://publicspending.medialab.ntua.gr/resource/regionalUnit/Thessaloniki","http://dbpedia.org/property/sexRatio","47916.666666667"
"http://publicspending.medialab.ntua.gr/resource/regionalUnit/Thessaloniki","http://dbpedia.org/ontology/populationDensity","29.990"
"http://publicspending.medialab.ntua.gr/resource/regionalUnit/Santorini","http://dbpedia.org/property/populationTotal","18,560"
"http://publicspending.medialab.ntua.gr/resource/regionalUnit/Santorini","http://dbpedia.org/property/populationAsOf","2011"
"http://publicspending.medialab.ntua.gr/resource/regionalUnit/Santorini","http://dbpedia.org/property/sexRatio","50"
"http://publicspending.medialab.ntua.gr/resource/regionalUnit/Santorini","http://dbpedia.org/ontology/populationDensity","5.897"
"http://publicspending.medialab.ntua.gr/resource/regionalUnit/Ithaki","http://dbpedia.org/property/populationTotal","3,180"
"http://publicspending.medialab.ntua.gr/resource/regionalUnit/Ithaki","http://dbpedia.org/property/populationAsOf","2011"
"http://publicspending.medialab.ntua.gr/resource/regionalUnit/Ithaki","http://dbpedia.org/property/sexRatio","33.333333333333"
"http://publicspending.medialab.ntua.gr/resource/regionalUnit/Ithaki","http://dbpedia.org/ontology/populationDensity","2.699"
"http://publicspending.medialab.ntua.gr/resource/regionalUnit/Ikaria","http://dbpedia.org/property/populationTotal","9,860"
"http://publicspending.medialab.ntua.gr/resource/regionalUnit/Ikaria","http://dbpedia.org/property/populationAsOf","2011"
"http://publicspending.medialab.ntua.gr/resource/regionalUnit/Ikaria","http://dbpedia.org/property/sexRatio","44.444444444444"
"http://publicspending.medialab.ntua.gr/resource/regionalUnit/Ikaria","http://dbpedia.org/ontology/populationDensity","3.281"
"http://publicspending.medialab.ntua.gr/resource/regionalUnit/Ioannina","http://dbpedia.org/property/populationTotal","167,400"
"http://publicspending.medialab.ntua.gr/resource/regionalUnit/Ioannina","http://dbpedia.org/property/populationAsOf","2011"
"http://publicspending.medialab.ntua.gr/resource/regionalUnit/Ioannina","http://dbpedia.org/property/sexRatio","48.502994011976"
"http://publicspending.medialab.ntua.gr/resource/regionalUnit/Ioannina","http://dbpedia.org/ontology/populationDensity","3.354"
"http://publicspending.medialab.ntua.gr/resource/regionalUnit/Kavala","http://dbpedia.org/property/populationTotal","124,480"
"http://publicspending.medialab.ntua.gr/resource/regionalUnit/Kavala","http://dbpedia.org/property/populationAsOf","2011"
"http://publicspending.medialab.ntua.gr/resource/regionalUnit/Kavala","http://dbpedia.org/property/sexRatio","48.387096774194"
"http://publicspending.medialab.ntua.gr/resource/regionalUnit/Kavala","http://dbpedia.org/ontology/populationDensity","7.189"
"http://publicspending.medialab.ntua.gr/resource/regionalUnit/Kalimnos","http://dbpedia.org/property/populationTotal","29,600"
"http://publicspending.medialab.ntua.gr/resource/regionalUnit/Kalimnos","http://dbpedia.org/property/populationAsOf","2011"
"http://publicspending.medialab.ntua.gr/resource/regionalUnit/Kalimnos","http://dbpedia.org/property/sexRatio","48.275862068966"
"http://publicspending.medialab.ntua.gr/resource/regionalUnit/Kalimnos","http://dbpedia.org/ontology/populationDensity","7.406"
"http://publicspending.medialab.ntua.gr/resource/regionalUnit/Karditsa","http://dbpedia.org/property/populationTotal","113,070"
"http://publicspending.medialab.ntua.gr/resource/regionalUnit/Karditsa","http://dbpedia.org/property/populationAsOf","2011"
"http://publicspending.medialab.ntua.gr/resource/regionalUnit/Karditsa","http://dbpedia.org/property/sexRatio","49.557522123894"
"http://publicspending.medialab.ntua.gr/resource/regionalUnit/Karditsa","http://dbpedia.org/ontology/populationDensity","4.290"
"http://publicspending.medialab.ntua.gr/resource/regionalUnit/Karpathos","http://dbpedia.org/property/populationTotal","7,250"
"http://publicspending.medialab.ntua.gr/resource/regionalUnit/Karpathos","http://dbpedia.org/property/populationAsOf","2011"
"http://publicspending.medialab.ntua.gr/resource/regionalUnit/Karpathos","http://dbpedia.org/property/sexRatio","42.857142857143"
"http://publicspending.medialab.ntua.gr/resource/regionalUnit/Karpathos","http://dbpedia.org/ontology/populationDensity","1.839"
"http://publicspending.medialab.ntua.gr/resource/regionalUnit/Kastoria","http://dbpedia.org/property/populationTotal","50,280"
"http://publicspending.medialab.ntua.gr/resource/regionalUnit/Kastoria","http://dbpedia.org/property/populationAsOf","2011"
"http://publicspending.medialab.ntua.gr/resource/regionalUnit/Kastoria","http://dbpedia.org/property/sexRatio","50"
"http://publicspending.medialab.ntua.gr/resource/regionalUnit/Kastoria","http://dbpedia.org/ontology/populationDensity","2.923"
"http://publicspending.medialab.ntua.gr/resource/regionalUnit/KeaKithnos","http://dbpedia.org/property/populationTotal","3,730"
"http://publicspending.medialab.ntua.gr/resource/regionalUnit/KeaKithnos","http://dbpedia.org/property/populationAsOf","2011"
"http://publicspending.medialab.ntua.gr/resource/regionalUnit/KeaKithnos","http://dbpedia.org/property/sexRatio","33.333333333333"
"http://publicspending.medialab.ntua.gr/resource/regionalUnit/KeaKithnos","http://dbpedia.org/ontology/populationDensity","1.497"
"http://publicspending.medialab.ntua.gr/resource/regionalUnit/KentrikosTomeasAthinon","http://dbpedia.org/property/populationTotal","1.018.440"
"http://publicspending.medialab.ntua.gr/resource/regionalUnit/KentrikosTomeasAthinon","http://dbpedia.org/property/populationAsOf","2011"
"http://publicspending.medialab.ntua.gr/resource/regionalUnit/KentrikosTomeasAthinon","http://dbpedia.org/property/sexRatio","47445.972495088"
"http://publicspending.medialab.ntua.gr/resource/regionalUnit/KentrikosTomeasAthinon","http://dbpedia.org/ontology/populationDensity","11.669,19"
"http://publicspending.medialab.ntua.gr/resource/regionalUnit/Corfu","http://dbpedia.org/property/populationTotal","103,300"
"http://publicspending.medialab.ntua.gr/resource/regionalUnit/Corfu","http://dbpedia.org/property/populationAsOf","2011"
"http://publicspending.medialab.ntua.gr/resource/regionalUnit/Corfu","http://dbpedia.org/property/sexRatio","48.543689320388"
"http://publicspending.medialab.ntua.gr/resource/regionalUnit/Corfu","http://dbpedia.org/ontology/populationDensity","16.114"
"http://publicspending.medialab.ntua.gr/resource/regionalUnit/Kefallonia","http://dbpedia.org/property/populationTotal","35,590"
"http://publicspending.medialab.ntua.gr/resource/regionalUnit/Kefallonia","http://dbpedia.org/property/populationAsOf","2011"
"http://publicspending.medialab.ntua.gr/resource/regionalUnit/Kefallonia","http://dbpedia.org/property/sexRatio","48.571428571429"
"http://publicspending.medialab.ntua.gr/resource/regionalUnit/Kefallonia","http://dbpedia.org/ontology/populationDensity","4.525"
"http://publicspending.medialab.ntua.gr/resource/regionalUnit/Kilkis","http://dbpedia.org/property/populationTotal","80,360"
"http://publicspending.medialab.ntua.gr/resource/regionalUnit/Kilkis","http://dbpedia.org/property/populationAsOf","2011"
"http://publicspending.medialab.ntua.gr/resource/regionalUnit/Kilkis","http://dbpedia.org/property/sexRatio","50"
"http://publicspending.medialab.ntua.gr/resource/regionalUnit/Kilkis","http://dbpedia.org/ontology/populationDensity","3.190"
"http://publicspending.medialab.ntua.gr/resource/regionalUnit/Kozani","http://dbpedia.org/property/populationTotal","149,270"
"http://publicspending.medialab.ntua.gr/resource/regionalUnit/Kozani","http://dbpedia.org/property/populationAsOf","2011"
"http://publicspending.medialab.ntua.gr/resource/regionalUnit/Kozani","http://dbpedia.org/property/sexRatio","49.664429530201"
"http://publicspending.medialab.ntua.gr/resource/regionalUnit/Kozani","http://dbpedia.org/ontology/populationDensity","4.246"
"http://publicspending.medialab.ntua.gr/resource/regionalUnit/Corinthia","http://dbpedia.org/property/populationTotal","145,360"
"http://publicspending.medialab.ntua.gr/resource/regionalUnit/Corinthia","http://dbpedia.org/property/populationAsOf","2011"
"http://publicspending.medialab.ntua.gr/resource/regionalUnit/Corinthia","http://dbpedia.org/property/sexRatio","49.655172413793"
"http://publicspending.medialab.ntua.gr/resource/regionalUnit/Corinthia","http://dbpedia.org/ontology/populationDensity","6.348"
"http://publicspending.medialab.ntua.gr/resource/regionalUnit/Kos","http://dbpedia.org/property/populationTotal","34,280"
"http://publicspending.medialab.ntua.gr/resource/regionalUnit/Kos","http://dbpedia.org/property/populationAsOf","2011"
"http://publicspending.medialab.ntua.gr/resource/regionalUnit/Kos","http://dbpedia.org/property/sexRatio","50"
"http://publicspending.medialab.ntua.gr/resource/regionalUnit/Kos","http://dbpedia.org/ontology/populationDensity","10.071"
"http://publicspending.medialab.ntua.gr/resource/regionalUnit/Lakonia","http://dbpedia.org/property/populationTotal","89,600"
"http://publicspending.medialab.ntua.gr/resource/regionalUnit/Lakonia","http://dbpedia.org/property/populationAsOf","2011"
"http://publicspending.medialab.ntua.gr/resource/regionalUnit/Lakonia","http://dbpedia.org/property/sexRatio","51.685393258427"
"http://publicspending.medialab.ntua.gr/resource/regionalUnit/Lakonia","http://dbpedia.org/ontology/populationDensity","2.464"
"http://publicspending.medialab.ntua.gr/resource/regionalUnit/Larisa","http://dbpedia.org/property/populationTotal","284,420"
"http://publicspending.medialab.ntua.gr/resource/regionalUnit/Larisa","http://dbpedia.org/property/populationAsOf","2011"
"http://publicspending.medialab.ntua.gr/resource/regionalUnit/Larisa","http://dbpedia.org/property/sexRatio","49.647887323944"
"http://publicspending.medialab.ntua.gr/resource/regionalUnit/Larisa","http://dbpedia.org/ontology/populationDensity","5.286"
"http://publicspending.medialab.ntua.gr/resource/regionalUnit/Lasithi","http://dbpedia.org/property/populationTotal","75,690"
"http://publicspending.medialab.ntua.gr/resource/regionalUnit/Lasithi","http://dbpedia.org/property/populationAsOf","2011"
"http://publicspending.medialab.ntua.gr/resource/regionalUnit/Lasithi","http://dbpedia.org/property/sexRatio","49.333333333333"
"http://publicspending.medialab.ntua.gr/resource/regionalUnit/Lasithi","http://dbpedia.org/ontology/populationDensity","4.152"
"http://publicspending.medialab.ntua.gr/resource/regionalUnit/Lesvos","http://dbpedia.org/property/populationTotal","85,330"
"http://publicspending.medialab.ntua.gr/resource/regionalUnit/Lesvos","http://dbpedia.org/property/populationAsOf","2011"
"http://publicspending.medialab.ntua.gr/resource/regionalUnit/Lesvos","http://dbpedia.org/property/sexRatio","49.411764705882"
"http://publicspending.medialab.ntua.gr/resource/regionalUnit/Lesvos","http://dbpedia.org/ontology/populationDensity","5.226"
"http://publicspending.medialab.ntua.gr/resource/regionalUnit/Lefkada","http://dbpedia.org/property/populationTotal","23,750"
"http://publicspending.medialab.ntua.gr/resource/regionalUnit/Lefkada","http://dbpedia.org/property/populationAsOf","2011"
"http://publicspending.medialab.ntua.gr/resource/regionalUnit/Lefkada","http://dbpedia.org/property/sexRatio","52.173913043478"
"http://publicspending.medialab.ntua.gr/resource/regionalUnit/Lefkada","http://dbpedia.org/ontology/populationDensity","6.673"
"http://publicspending.medialab.ntua.gr/resource/regionalUnit/Limnos","http://dbpedia.org/property/populationTotal","17,270"
"http://publicspending.medialab.ntua.gr/resource/regionalUnit/Limnos","http://dbpedia.org/property/populationAsOf","2011"
"http://publicspending.medialab.ntua.gr/resource/regionalUnit/Limnos","http://dbpedia.org/property/sexRatio","47.058823529412"
"http://publicspending.medialab.ntua.gr/resource/regionalUnit/Limnos","http://dbpedia.org/ontology/populationDensity","3.315"
"http://publicspending.medialab.ntua.gr/resource/regionalUnit/Magnisia","http://dbpedia.org/property/populationTotal","189,800"
"http://publicspending.medialab.ntua.gr/resource/regionalUnit/Magnisia","http://dbpedia.org/property/populationAsOf","2011"
"http://publicspending.medialab.ntua.gr/resource/regionalUnit/Magnisia","http://dbpedia.org/property/sexRatio","49.206349206349"
"http://publicspending.medialab.ntua.gr/resource/regionalUnit/Magnisia","http://dbpedia.org/ontology/populationDensity","8.041"
"http://publicspending.medialab.ntua.gr/resource/regionalUnit/Messinia","http://dbpedia.org/property/populationTotal","163,110"
"http://publicspending.medialab.ntua.gr/resource/regionalUnit/Messinia","http://dbpedia.org/property/populationAsOf","2011"
"http://publicspending.medialab.ntua.gr/resource/regionalUnit/Messinia","http://dbpedia.org/property/sexRatio","50.306748466258"
"http://publicspending.medialab.ntua.gr/resource/regionalUnit/Messinia","http://dbpedia.org/ontology/populationDensity","5.454"
"http://publicspending.medialab.ntua.gr/resource/regionalUnit/Milos","http://dbpedia.org/property/populationTotal","9,930"
"http://publicspending.medialab.ntua.gr/resource/regionalUnit/Milos","http://dbpedia.org/property/populationAsOf","2011"
"http://publicspending.medialab.ntua.gr/resource/regionalUnit/Milos","http://dbpedia.org/property/sexRatio","55.555555555556"
"http://publicspending.medialab.ntua.gr/resource/regionalUnit/Milos","http://dbpedia.org/ontology/populationDensity","2.739"
"http://publicspending.medialab.ntua.gr/resource/regionalUnit/Mikonos","http://dbpedia.org/property/populationTotal","10,190"
"http://publicspending.medialab.ntua.gr/resource/regionalUnit/Mikonos","http://dbpedia.org/property/populationAsOf","2011"
"http://publicspending.medialab.ntua.gr/resource/regionalUnit/Mikonos","http://dbpedia.org/property/sexRatio","50"
"http://publicspending.medialab.ntua.gr/resource/regionalUnit/Mikonos","http://dbpedia.org/ontology/populationDensity","9.688"
"http://publicspending.medialab.ntua.gr/resource/regionalUnit/Naxos","http://dbpedia.org/property/populationTotal","21,380"
"http://publicspending.medialab.ntua.gr/resource/regionalUnit/Naxos","http://dbpedia.org/property/populationAsOf","2011"
"http://publicspending.medialab.ntua.gr/resource/regionalUnit/Naxos","http://dbpedia.org/property/sexRatio","47.619047619048"
"http://publicspending.medialab.ntua.gr/resource/regionalUnit/Naxos","http://dbpedia.org/ontology/populationDensity","3.436"
"http://publicspending.medialab.ntua.gr/resource/regionalUnit/Nisi","http://dbpedia.org/property/populationTotal","74,780"
"http://publicspending.medialab.ntua.gr/resource/regionalUnit/Nisi","http://dbpedia.org/property/populationAsOf","2011"
"http://publicspending.medialab.ntua.gr/resource/regionalUnit/Nisi","http://dbpedia.org/property/sexRatio","50"
"http://publicspending.medialab.ntua.gr/resource/regionalUnit/Nisi","http://dbpedia.org/ontology/populationDensity","8.508"
"http://publicspending.medialab.ntua.gr/resource/regionalUnit/NotiosTomeasAthinon","http://dbpedia.org/property/populationTotal","526,520"
"http://publicspending.medialab.ntua.gr/resource/regionalUnit/NotiosTomeasAthinon","http://dbpedia.org/property/populationAsOf","2011"
"http://publicspending.medialab.ntua.gr/resource/regionalUnit/NotiosTomeasAthinon","http://dbpedia.org/property/sexRatio","47.148288973384"
"http://publicspending.medialab.ntua.gr/resource/regionalUnit/NotiosTomeasAthinon","http://dbpedia.org/ontology/populationDensity","7.644,46"
"http://publicspending.medialab.ntua.gr/resource/regionalUnit/Xanthi","http://dbpedia.org/property/populationTotal","110,290"
"http://publicspending.medialab.ntua.gr/resource/regionalUnit/Xanthi","http://dbpedia.org/property/populationAsOf","2011"
"http://publicspending.medialab.ntua.gr/resource/regionalUnit/Xanthi","http://dbpedia.org/property/sexRatio","49.090909090909"
"http://publicspending.medialab.ntua.gr/resource/regionalUnit/Xanthi","http://dbpedia.org/ontology/populationDensity","6.151"
"http://publicspending.medialab.ntua.gr/resource/regionalUnit/Paros","http://dbpedia.org/property/populationTotal","14,900"
"http://publicspending.medialab.ntua.gr/resource/regionalUnit/Paros","http://dbpedia.org/property/populationAsOf","2011"
"http://publicspending.medialab.ntua.gr/resource/regionalUnit/Paros","http://dbpedia.org/property/sexRatio","50"
"http://publicspending.medialab.ntua.gr/resource/regionalUnit/Paros","http://dbpedia.org/ontology/populationDensity","6.170"
"http://publicspending.medialab.ntua.gr/resource/regionalUnit/Pireas","http://dbpedia.org/property/populationTotal","449,070"
"http://publicspending.medialab.ntua.gr/resource/regionalUnit/Pireas","http://dbpedia.org/property/populationAsOf","2011"
"http://publicspending.medialab.ntua.gr/resource/regionalUnit/Pireas","http://dbpedia.org/property/sexRatio","48.552338530067"
"http://publicspending.medialab.ntua.gr/resource/regionalUnit/Pireas","http://dbpedia.org/ontology/populationDensity","8.907,11"
"http://publicspending.medialab.ntua.gr/resource/regionalUnit/Pella","http://dbpedia.org/property/populationTotal","139,660"
"http://publicspending.medialab.ntua.gr/resource/regionalUnit/Pella","http://dbpedia.org/property/populationAsOf","2011"
"http://publicspending.medialab.ntua.gr/resource/regionalUnit/Pella","http://dbpedia.org/property/sexRatio","49.640287769784"
"http://publicspending.medialab.ntua.gr/resource/regionalUnit/Pella","http://dbpedia.org/ontology/populationDensity","5.574"
"http://publicspending.medialab.ntua.gr/resource/regionalUnit/Pieria","http://dbpedia.org/property/populationTotal","127,400"
"http://publicspending.medialab.ntua.gr/resource/regionalUnit/Pieria","http://dbpedia.org/property/populationAsOf","2011"
"http://publicspending.medialab.ntua.gr/resource/regionalUnit/Pieria","http://dbpedia.org/property/sexRatio","48.818897637795"
"http://publicspending.medialab.ntua.gr/resource/regionalUnit/Pieria","http://dbpedia.org/ontology/populationDensity","8.400"
"http://publicspending.medialab.ntua.gr/resource/regionalUnit/Preveza","http://dbpedia.org/property/populationTotal","57,720"
"http://publicspending.medialab.ntua.gr/resource/regionalUnit/Preveza","http://dbpedia.org/property/populationAsOf","2011"
"http://publicspending.medialab.ntua.gr/resource/regionalUnit/Preveza","http://dbpedia.org/property/sexRatio","49.122807017544"
"http://publicspending.medialab.ntua.gr/resource/regionalUnit/Preveza","http://dbpedia.org/ontology/populationDensity","5.572"
"http://publicspending.medialab.ntua.gr/resource/regionalUnit/Rethimno","http://dbpedia.org/property/populationTotal","85,160"
"http://publicspending.medialab.ntua.gr/resource/regionalUnit/Rethimno","http://dbpedia.org/property/populationAsOf","2011"
"http://publicspending.medialab.ntua.gr/resource/regionalUnit/Rethimno","http://dbpedia.org/property/sexRatio","48.235294117647"
"http://publicspending.medialab.ntua.gr/resource/regionalUnit/Rethimno","http://dbpedia.org/ontology/populationDensity","5.692"
"http://publicspending.medialab.ntua.gr/resource/regionalUnit/Rhodope","http://dbpedia.org/property/populationTotal","111,610"
"http://publicspending.medialab.ntua.gr/resource/regionalUnit/Rhodope","http://dbpedia.org/property/populationAsOf","2011"
"http://publicspending.medialab.ntua.gr/resource/regionalUnit/Rhodope","http://dbpedia.org/property/sexRatio","48.648648648649"
"http://publicspending.medialab.ntua.gr/resource/regionalUnit/Rhodope","http://dbpedia.org/ontology/populationDensity","4.389"
"http://publicspending.medialab.ntua.gr/resource/regionalUnit/Rhodes","http://dbpedia.org/property/populationTotal","119,640"
"http://publicspending.medialab.ntua.gr/resource/regionalUnit/Rhodes","http://dbpedia.org/property/populationAsOf","2011"
"http://publicspending.medialab.ntua.gr/resource/regionalUnit/Rhodes","http://dbpedia.org/property/sexRatio","50.420168067227"
"http://publicspending.medialab.ntua.gr/resource/regionalUnit/Rhodes","http://dbpedia.org/ontology/populationDensity","7.572"
"http://publicspending.medialab.ntua.gr/resource/regionalUnit/SamosPrefecture","http://dbpedia.org/property/populationTotal","32,760"
"http://publicspending.medialab.ntua.gr/resource/regionalUnit/SamosPrefecture","http://dbpedia.org/property/populationAsOf","2011"
"http://publicspending.medialab.ntua.gr/resource/regionalUnit/SamosPrefecture","http://dbpedia.org/property/sexRatio","50"
"http://publicspending.medialab.ntua.gr/resource/regionalUnit/SamosPrefecture","http://dbpedia.org/ontology/populationDensity","6.862"
"http://publicspending.medialab.ntua.gr/resource/regionalUnit/Serres","http://dbpedia.org/property/populationTotal","176,050"
"http://publicspending.medialab.ntua.gr/resource/regionalUnit/Serres","http://dbpedia.org/property/populationAsOf","2011"
"http://publicspending.medialab.ntua.gr/resource/regionalUnit/Serres","http://dbpedia.org/property/sexRatio","48.295454545455"
"http://publicspending.medialab.ntua.gr/resource/regionalUnit/Serres","http://dbpedia.org/ontology/populationDensity","4.437"
"http://publicspending.medialab.ntua.gr/resource/regionalUnit/Sporades","http://dbpedia.org/property/populationTotal","13,740"
"http://publicspending.medialab.ntua.gr/resource/regionalUnit/Sporades","http://dbpedia.org/property/populationAsOf","2011"
"http://publicspending.medialab.ntua.gr/resource/regionalUnit/Sporades","http://dbpedia.org/property/sexRatio","46.153846153846"
"http://publicspending.medialab.ntua.gr/resource/regionalUnit/Sporades","http://dbpedia.org/ontology/populationDensity","4.982"
"http://publicspending.medialab.ntua.gr/resource/regionalUnit/Siros","http://dbpedia.org/property/populationTotal","21,390"
"http://publicspending.medialab.ntua.gr/resource/regionalUnit/Siros","http://dbpedia.org/property/populationAsOf","2011"
"http://publicspending.medialab.ntua.gr/resource/regionalUnit/Siros","http://dbpedia.org/property/sexRatio","47.619047619048"
"http://publicspending.medialab.ntua.gr/resource/regionalUnit/Siros","http://dbpedia.org/ontology/populationDensity","20.991"
"http://publicspending.medialab.ntua.gr/resource/regionalUnit/Tinos","http://dbpedia.org/property/populationTotal","8,590"
"http://publicspending.medialab.ntua.gr/resource/regionalUnit/Tinos","http://dbpedia.org/property/populationAsOf","2011"
"http://publicspending.medialab.ntua.gr/resource/regionalUnit/Tinos","http://dbpedia.org/property/sexRatio","50"
"http://publicspending.medialab.ntua.gr/resource/regionalUnit/Tinos","http://dbpedia.org/ontology/populationDensity","4.417"
"http://publicspending.medialab.ntua.gr/resource/regionalUnit/Trikala","http://dbpedia.org/property/populationTotal","129,700"
"http://publicspending.medialab.ntua.gr/resource/regionalUnit/Trikala","http://dbpedia.org/property/populationAsOf","2011"
"http://publicspending.medialab.ntua.gr/resource/regionalUnit/Trikala","http://dbpedia.org/property/sexRatio","49.612403100775"
"http://publicspending.medialab.ntua.gr/resource/regionalUnit/Trikala","http://dbpedia.org/ontology/populationDensity","3.833"
"http://publicspending.medialab.ntua.gr/resource/regionalUnit/Phthiotis","http://dbpedia.org/property/populationTotal","158,220"
"http://publicspending.medialab.ntua.gr/resource/regionalUnit/Phthiotis","http://dbpedia.org/property/populationAsOf","2011"
"http://publicspending.medialab.ntua.gr/resource/regionalUnit/Phthiotis","http://dbpedia.org/property/sexRatio","50"
"http://publicspending.medialab.ntua.gr/resource/regionalUnit/Phthiotis","http://dbpedia.org/ontology/populationDensity","3.563"
"http://publicspending.medialab.ntua.gr/resource/regionalUnit/Florina","http://dbpedia.org/property/populationTotal","51,080"
"http://publicspending.medialab.ntua.gr/resource/regionalUnit/Florina","http://dbpedia.org/property/populationAsOf","2011"
"http://publicspending.medialab.ntua.gr/resource/regionalUnit/Florina","http://dbpedia.org/property/sexRatio","49.019607843137"
"http://publicspending.medialab.ntua.gr/resource/regionalUnit/Florina","http://dbpedia.org/ontology/populationDensity","2.654"
"http://publicspending.medialab.ntua.gr/resource/regionalUnit/Fokida","http://dbpedia.org/property/populationTotal","40,430"
"http://publicspending.medialab.ntua.gr/resource/regionalUnit/Fokida","http://dbpedia.org/property/populationAsOf","2011"
"http://publicspending.medialab.ntua.gr/resource/regionalUnit/Fokida","http://dbpedia.org/property/sexRatio","50"
"http://publicspending.medialab.ntua.gr/resource/regionalUnit/Fokida","http://dbpedia.org/ontology/populationDensity","1.907"
"http://publicspending.medialab.ntua.gr/resource/regionalUnit/Chalkidiki","http://dbpedia.org/property/populationTotal","105,950"
"http://publicspending.medialab.ntua.gr/resource/regionalUnit/Chalkidiki","http://dbpedia.org/property/populationAsOf","2011"
"http://publicspending.medialab.ntua.gr/resource/regionalUnit/Chalkidiki","http://dbpedia.org/property/sexRatio","50.47619047619"
"http://publicspending.medialab.ntua.gr/resource/regionalUnit/Chalkidiki","http://dbpedia.org/ontology/populationDensity","3.631"
"http://publicspending.medialab.ntua.gr/resource/regionalUnit/Chania","http://dbpedia.org/property/populationTotal","156,220"
"http://publicspending.medialab.ntua.gr/resource/regionalUnit/Chania","http://dbpedia.org/property/populationAsOf","2011"
"http://publicspending.medialab.ntua.gr/resource/regionalUnit/Chania","http://dbpedia.org/property/sexRatio","50"
"http://publicspending.medialab.ntua.gr/resource/regionalUnit/Chania","http://dbpedia.org/ontology/populationDensity","6.575"
"http://publicspending.medialab.ntua.gr/resource/regionalUnit/Chios","http://dbpedia.org/property/populationTotal","52,590"
"http://publicspending.medialab.ntua.gr/resource/regionalUnit/Chios","http://dbpedia.org/property/populationAsOf","2011"
"http://publicspending.medialab.ntua.gr/resource/regionalUnit/Chios","http://dbpedia.org/property/sexRatio","50"
"http://publicspending.medialab.ntua.gr/resource/regionalUnit/Chios","http://dbpedia.org/ontology/populationDensity","5.816"
